cidade,bairro,hour,mean_count,index,proportion
Fortaleza,AEROLÂNDIA,1,2.0,1.3333333333333333,0.09523809523809523
Fortaleza,AEROLÂNDIA,2,1.0,0.6666666666666666,0.047619047619047616
Fortaleza,AEROLÂNDIA,3,1.0,0.6666666666666666,0.047619047619047616
Fortaleza,AEROLÂNDIA,5,2.0,1.3333333333333333,0.09523809523809523
Fortaleza,AEROLÂNDIA,7,1.0,0.6666666666666666,0.047619047619047616
Fortaleza,AEROLÂNDIA,8,1.0,0.6666666666666666,0.047619047619047616
Fortaleza,AEROLÂNDIA,10,1.0,0.6666666666666666,0.047619047619047616
Fortaleza,AEROLÂNDIA,12,1.0,0.6666666666666666,0.047619047619047616
Fortaleza,AEROLÂNDIA,15,1.0,0.6666666666666666,0.047619047619047616
Fortaleza,AEROLÂNDIA,16,1.0,0.6666666666666666,0.047619047619047616
Fortaleza,AEROLÂNDIA,18,2.0,1.3333333333333333,0.09523809523809523
Fortaleza,AEROLÂNDIA,19,4.0,2.6666666666666665,0.19047619047619047
Fortaleza,AEROLÂNDIA,21,2.0,1.3333333333333333,0.09523809523809523
Fortaleza,AEROLÂNDIA,22,1.0,0.6666666666666666,0.047619047619047616
Fortaleza,AEROPORTO,0,1.0,0.7857142857142857,0.07142857142857142
Fortaleza,AEROPORTO,1,1.0,0.7857142857142857,0.07142857142857142
Fortaleza,AEROPORTO,10,1.0,0.7857142857142857,0.07142857142857142
Fortaleza,AEROPORTO,13,1.0,0.7857142857142857,0.07142857142857142
Fortaleza,AEROPORTO,14,2.0,1.5714285714285714,0.14285714285714285
Fortaleza,AEROPORTO,15,1.0,0.7857142857142857,0.07142857142857142
Fortaleza,AEROPORTO,16,1.0,0.7857142857142857,0.07142857142857142
Fortaleza,AEROPORTO,17,2.0,1.5714285714285714,0.14285714285714285
Fortaleza,AEROPORTO,18,1.0,0.7857142857142857,0.07142857142857142
Fortaleza,AEROPORTO,20,1.0,0.7857142857142857,0.07142857142857142
Fortaleza,AEROPORTO,23,2.0,1.5714285714285714,0.14285714285714285
Fortaleza,ALDEOTA,1,1.0,0.8333333333333334,0.08333333333333333
Fortaleza,ALDEOTA,4,1.0,0.8333333333333334,0.08333333333333333
Fortaleza,ALDEOTA,5,1.0,0.8333333333333334,0.08333333333333333
Fortaleza,ALDEOTA,6,1.0,0.8333333333333334,0.08333333333333333
Fortaleza,ALDEOTA,10,1.0,0.8333333333333334,0.08333333333333333
Fortaleza,ALDEOTA,16,1.0,0.8333333333333334,0.08333333333333333
Fortaleza,ALDEOTA,18,1.0,0.8333333333333334,0.08333333333333333
Fortaleza,ALDEOTA,19,2.0,1.6666666666666667,0.16666666666666666
Fortaleza,ALDEOTA,20,2.0,1.6666666666666667,0.16666666666666666
Fortaleza,ALDEOTA,22,1.0,0.8333333333333334,0.08333333333333333
Fortaleza,ALTO DA BALANÇA,1,1.0,0.5,0.07142857142857142
Fortaleza,ALTO DA BALANÇA,3,2.0,1.0,0.14285714285714285
Fortaleza,ALTO DA BALANÇA,11,1.0,0.5,0.07142857142857142
Fortaleza,ALTO DA BALANÇA,14,1.0,0.5,0.07142857142857142
Fortaleza,ALTO DA BALANÇA,17,4.0,2.0,0.2857142857142857
Fortaleza,ALTO DA BALANÇA,19,2.0,1.0,0.14285714285714285
Fortaleza,ALTO DA BALANÇA,20,3.0,1.5,0.21428571428571427
Fortaleza,AMADEU FURTADO,4,2.0,1.5,0.25
Fortaleza,AMADEU FURTADO,12,1.0,0.75,0.125
Fortaleza,AMADEU FURTADO,17,1.0,0.75,0.125
Fortaleza,AMADEU FURTADO,19,1.0,0.75,0.125
Fortaleza,AMADEU FURTADO,20,2.0,1.5,0.25
Fortaleza,AMADEU FURTADO,23,1.0,0.75,0.125
Fortaleza,ANCURI,1,1.0,0.7692307692307692,0.07692307692307693
Fortaleza,ANCURI,7,2.0,1.5384615384615383,0.15384615384615385
Fortaleza,ANCURI,10,2.0,1.5384615384615383,0.15384615384615385
Fortaleza,ANCURI,13,2.0,1.5384615384615383,0.15384615384615385
Fortaleza,ANCURI,14,1.0,0.7692307692307692,0.07692307692307693
Fortaleza,ANCURI,15,1.0,0.7692307692307692,0.07692307692307693
Fortaleza,ANCURI,16,1.0,0.7692307692307692,0.07692307692307693
Fortaleza,ANCURI,19,1.0,0.7692307692307692,0.07692307692307693
Fortaleza,ANCURI,20,1.0,0.7692307692307692,0.07692307692307693
Fortaleza,ANCURI,22,1.0,0.7692307692307692,0.07692307692307693
Fortaleza,ANTÔNIO BEZERRA,1,4.0,1.5238095238095237,0.09523809523809523
Fortaleza,ANTÔNIO BEZERRA,7,2.0,0.7619047619047619,0.047619047619047616
Fortaleza,ANTÔNIO BEZERRA,8,2.0,0.7619047619047619,0.047619047619047616
Fortaleza,ANTÔNIO BEZERRA,9,1.0,0.38095238095238093,0.023809523809523808
Fortaleza,ANTÔNIO BEZERRA,10,3.0,1.1428571428571428,0.07142857142857142
Fortaleza,ANTÔNIO BEZERRA,12,2.0,0.7619047619047619,0.047619047619047616
Fortaleza,ANTÔNIO BEZERRA,14,2.0,0.7619047619047619,0.047619047619047616
Fortaleza,ANTÔNIO BEZERRA,15,3.0,1.1428571428571428,0.07142857142857142
Fortaleza,ANTÔNIO BEZERRA,16,3.0,1.1428571428571428,0.07142857142857142
Fortaleza,ANTÔNIO BEZERRA,17,3.0,1.1428571428571428,0.07142857142857142
Fortaleza,ANTÔNIO BEZERRA,18,2.0,0.7619047619047619,0.047619047619047616
Fortaleza,ANTÔNIO BEZERRA,19,2.0,0.7619047619047619,0.047619047619047616
Fortaleza,ANTÔNIO BEZERRA,20,2.0,0.7619047619047619,0.047619047619047616
Fortaleza,ANTÔNIO BEZERRA,21,2.0,0.7619047619047619,0.047619047619047616
Fortaleza,ANTÔNIO BEZERRA,22,8.0,3.0476190476190474,0.19047619047619047
Fortaleza,ANTÔNIO BEZERRA,23,1.0,0.38095238095238093,0.023809523809523808
Fortaleza,ARACAPÉ,2,1.0,0.6818181818181819,0.045454545454545456
Fortaleza,ARACAPÉ,3,2.0,1.3636363636363638,0.09090909090909091
Fortaleza,ARACAPÉ,4,1.0,0.6818181818181819,0.045454545454545456
Fortaleza,ARACAPÉ,9,1.0,0.6818181818181819,0.045454545454545456
Fortaleza,ARACAPÉ,11,2.0,1.3636363636363638,0.09090909090909091
Fortaleza,ARACAPÉ,12,2.0,1.3636363636363638,0.09090909090909091
Fortaleza,ARACAPÉ,13,2.0,1.3636363636363638,0.09090909090909091
Fortaleza,ARACAPÉ,14,1.0,0.6818181818181819,0.045454545454545456
Fortaleza,ARACAPÉ,15,2.0,1.3636363636363638,0.09090909090909091
Fortaleza,ARACAPÉ,16,1.0,0.6818181818181819,0.045454545454545456
Fortaleza,ARACAPÉ,17,1.0,0.6818181818181819,0.045454545454545456
Fortaleza,ARACAPÉ,19,1.0,0.6818181818181819,0.045454545454545456
Fortaleza,ARACAPÉ,20,2.0,1.3636363636363638,0.09090909090909091
Fortaleza,ARACAPÉ,21,1.0,0.6818181818181819,0.045454545454545456
Fortaleza,ARACAPÉ,23,2.0,1.3636363636363638,0.09090909090909091
Fortaleza,AUTRAN NUNES,0,1.0,0.8181818181818181,0.09090909090909091
Fortaleza,AUTRAN NUNES,1,2.0,1.6363636363636362,0.18181818181818182
Fortaleza,AUTRAN NUNES,7,1.0,0.8181818181818181,0.09090909090909091
Fortaleza,AUTRAN NUNES,8,1.0,0.8181818181818181,0.09090909090909091
Fortaleza,AUTRAN NUNES,13,1.0,0.8181818181818181,0.09090909090909091
Fortaleza,AUTRAN NUNES,15,1.0,0.8181818181818181,0.09090909090909091
Fortaleza,AUTRAN NUNES,16,1.0,0.8181818181818181,0.09090909090909091
Fortaleza,AUTRAN NUNES,19,2.0,1.6363636363636362,0.18181818181818182
Fortaleza,AUTRAN NUNES,21,1.0,0.8181818181818181,0.09090909090909091
Fortaleza,BARRA DO CEARÁ,0,8.0,1.3714285714285714,0.05714285714285714
Fortaleza,BARRA DO CEARÁ,1,3.0,0.5142857142857143,0.02142857142857143
Fortaleza,BARRA DO CEARÁ,2,3.0,0.5142857142857143,0.02142857142857143
Fortaleza,BARRA DO CEARÁ,3,2.0,0.34285714285714286,0.014285714285714285
Fortaleza,BARRA DO CEARÁ,4,6.0,1.0285714285714287,0.04285714285714286
Fortaleza,BARRA DO CEARÁ,5,2.0,0.34285714285714286,0.014285714285714285
Fortaleza,BARRA DO CEARÁ,6,1.0,0.17142857142857143,0.007142857142857143
Fortaleza,BARRA DO CEARÁ,7,2.0,0.34285714285714286,0.014285714285714285
Fortaleza,BARRA DO CEARÁ,8,1.0,0.17142857142857143,0.007142857142857143
Fortaleza,BARRA DO CEARÁ,9,3.0,0.5142857142857143,0.02142857142857143
Fortaleza,BARRA DO CEARÁ,10,3.0,0.5142857142857143,0.02142857142857143
Fortaleza,BARRA DO CEARÁ,11,3.0,0.5142857142857143,0.02142857142857143
Fortaleza,BARRA DO CEARÁ,12,5.0,0.8571428571428572,0.03571428571428571
Fortaleza,BARRA DO CEARÁ,13,10.0,1.7142857142857144,0.07142857142857142
Fortaleza,BARRA DO CEARÁ,14,6.0,1.0285714285714287,0.04285714285714286
Fortaleza,BARRA DO CEARÁ,15,5.0,0.8571428571428572,0.03571428571428571
Fortaleza,BARRA DO CEARÁ,16,10.0,1.7142857142857144,0.07142857142857142
Fortaleza,BARRA DO CEARÁ,17,6.0,1.0285714285714287,0.04285714285714286
Fortaleza,BARRA DO CEARÁ,18,14.0,2.4,0.1
Fortaleza,BARRA DO CEARÁ,19,9.0,1.542857142857143,0.06428571428571428
Fortaleza,BARRA DO CEARÁ,20,17.0,2.9142857142857146,0.12142857142857143
Fortaleza,BARRA DO CEARÁ,21,9.0,1.542857142857143,0.06428571428571428
Fortaleza,BARRA DO CEARÁ,22,7.0,1.2,0.05
Fortaleza,BARRA DO CEARÁ,23,5.0,0.8571428571428572,0.03571428571428571
Fortaleza,BARROSO,1,5.0,1.4492753623188406,0.07246376811594203
Fortaleza,BARROSO,4,3.0,0.8695652173913043,0.043478260869565216
Fortaleza,BARROSO,5,6.0,1.7391304347826086,0.08695652173913043
Fortaleza,BARROSO,6,3.0,0.8695652173913043,0.043478260869565216
Fortaleza,BARROSO,8,2.0,0.5797101449275363,0.028985507246376812
Fortaleza,BARROSO,9,1.0,0.2898550724637681,0.014492753623188406
Fortaleza,BARROSO,10,4.0,1.1594202898550725,0.057971014492753624
Fortaleza,BARROSO,11,2.0,0.5797101449275363,0.028985507246376812
Fortaleza,BARROSO,12,5.0,1.4492753623188406,0.07246376811594203
Fortaleza,BARROSO,13,3.0,0.8695652173913043,0.043478260869565216
Fortaleza,BARROSO,14,1.0,0.2898550724637681,0.014492753623188406
Fortaleza,BARROSO,15,2.0,0.5797101449275363,0.028985507246376812
Fortaleza,BARROSO,16,3.0,0.8695652173913043,0.043478260869565216
Fortaleza,BARROSO,17,4.0,1.1594202898550725,0.057971014492753624
Fortaleza,BARROSO,18,5.0,1.4492753623188406,0.07246376811594203
Fortaleza,BARROSO,19,4.0,1.1594202898550725,0.057971014492753624
Fortaleza,BARROSO,20,4.0,1.1594202898550725,0.057971014492753624
Fortaleza,BARROSO,21,7.0,2.0289855072463765,0.10144927536231885
Fortaleza,BARROSO,22,3.0,0.8695652173913043,0.043478260869565216
Fortaleza,BARROSO,23,2.0,0.5797101449275363,0.028985507246376812
Fortaleza,BELA VISTA,1,1.0,0.8571428571428571,0.14285714285714285
Fortaleza,BELA VISTA,7,1.0,0.8571428571428571,0.14285714285714285
Fortaleza,BELA VISTA,11,1.0,0.8571428571428571,0.14285714285714285
Fortaleza,BELA VISTA,13,1.0,0.8571428571428571,0.14285714285714285
Fortaleza,BELA VISTA,14,1.0,0.8571428571428571,0.14285714285714285
Fortaleza,BELA VISTA,16,2.0,1.7142857142857142,0.2857142857142857
Fortaleza,BENFICA,0,1.0,0.8571428571428571,0.14285714285714285
Fortaleza,BENFICA,6,1.0,0.8571428571428571,0.14285714285714285
Fortaleza,BENFICA,11,1.0,0.8571428571428571,0.14285714285714285
Fortaleza,BENFICA,16,2.0,1.7142857142857142,0.2857142857142857
Fortaleza,BENFICA,19,1.0,0.8571428571428571,0.14285714285714285
Fortaleza,BENFICA,23,1.0,0.8571428571428571,0.14285714285714285
Fortaleza,BOA VISTA/CASTELÃO,0,1.0,0.5161290322580645,0.03225806451612903
Fortaleza,BOA VISTA/CASTELÃO,4,1.0,0.5161290322580645,0.03225806451612903
Fortaleza,BOA VISTA/CASTELÃO,6,1.0,0.5161290322580645,0.03225806451612903
Fortaleza,BOA VISTA/CASTELÃO,7,1.0,0.5161290322580645,0.03225806451612903
Fortaleza,BOA VISTA/CASTELÃO,9,2.0,1.032258064516129,0.06451612903225806
Fortaleza,BOA VISTA/CASTELÃO,11,1.0,0.5161290322580645,0.03225806451612903
Fortaleza,BOA VISTA/CASTELÃO,13,3.0,1.5483870967741935,0.0967741935483871
Fortaleza,BOA VISTA/CASTELÃO,14,2.0,1.032258064516129,0.06451612903225806
Fortaleza,BOA VISTA/CASTELÃO,16,3.0,1.5483870967741935,0.0967741935483871
Fortaleza,BOA VISTA/CASTELÃO,17,2.0,1.032258064516129,0.06451612903225806
Fortaleza,BOA VISTA/CASTELÃO,18,1.0,0.5161290322580645,0.03225806451612903
Fortaleza,BOA VISTA/CASTELÃO,19,3.0,1.5483870967741935,0.0967741935483871
Fortaleza,BOA VISTA/CASTELÃO,20,4.0,2.064516129032258,0.12903225806451613
Fortaleza,BOA VISTA/CASTELÃO,21,1.0,0.5161290322580645,0.03225806451612903
Fortaleza,BOA VISTA/CASTELÃO,22,2.0,1.032258064516129,0.06451612903225806
Fortaleza,BOA VISTA/CASTELÃO,23,3.0,1.5483870967741935,0.0967741935483871
Fortaleza,BOM FUTURO,20,3.0,1.0,1.0
Fortaleza,BOM JARDIM,1,1.0,0.35185185185185186,0.018518518518518517
Fortaleza,BOM JARDIM,2,3.0,1.0555555555555556,0.05555555555555555
Fortaleza,BOM JARDIM,3,1.0,0.35185185185185186,0.018518518518518517
Fortaleza,BOM JARDIM,4,1.0,0.35185185185185186,0.018518518518518517
Fortaleza,BOM JARDIM,5,5.0,1.7592592592592593,0.09259259259259259
Fortaleza,BOM JARDIM,6,2.0,0.7037037037037037,0.037037037037037035
Fortaleza,BOM JARDIM,7,1.0,0.35185185185185186,0.018518518518518517
Fortaleza,BOM JARDIM,8,1.0,0.35185185185185186,0.018518518518518517
Fortaleza,BOM JARDIM,11,2.0,0.7037037037037037,0.037037037037037035
Fortaleza,BOM JARDIM,12,1.0,0.35185185185185186,0.018518518518518517
Fortaleza,BOM JARDIM,14,1.0,0.35185185185185186,0.018518518518518517
Fortaleza,BOM JARDIM,15,2.0,0.7037037037037037,0.037037037037037035
Fortaleza,BOM JARDIM,16,11.0,3.8703703703703702,0.2037037037037037
Fortaleza,BOM JARDIM,17,2.0,0.7037037037037037,0.037037037037037035
Fortaleza,BOM JARDIM,18,3.0,1.0555555555555556,0.05555555555555555
Fortaleza,BOM JARDIM,19,6.0,2.111111111111111,0.1111111111111111
Fortaleza,BOM JARDIM,20,1.0,0.35185185185185186,0.018518518518518517
Fortaleza,BOM JARDIM,21,2.0,0.7037037037037037,0.037037037037037035
Fortaleza,BOM JARDIM,22,8.0,2.814814814814815,0.14814814814814814
Fortaleza,BONSUCESSO,1,3.0,1.3043478260869565,0.06521739130434782
Fortaleza,BONSUCESSO,2,3.0,1.3043478260869565,0.06521739130434782
Fortaleza,BONSUCESSO,3,1.0,0.4347826086956522,0.021739130434782608
Fortaleza,BONSUCESSO,5,3.0,1.3043478260869565,0.06521739130434782
Fortaleza,BONSUCESSO,6,3.0,1.3043478260869565,0.06521739130434782
Fortaleza,BONSUCESSO,9,2.0,0.8695652173913044,0.043478260869565216
Fortaleza,BONSUCESSO,10,1.0,0.4347826086956522,0.021739130434782608
Fortaleza,BONSUCESSO,11,1.0,0.4347826086956522,0.021739130434782608
Fortaleza,BONSUCESSO,12,2.0,0.8695652173913044,0.043478260869565216
Fortaleza,BONSUCESSO,13,1.0,0.4347826086956522,0.021739130434782608
Fortaleza,BONSUCESSO,14,2.0,0.8695652173913044,0.043478260869565216
Fortaleza,BONSUCESSO,15,4.0,1.7391304347826089,0.08695652173913043
Fortaleza,BONSUCESSO,16,2.0,0.8695652173913044,0.043478260869565216
Fortaleza,BONSUCESSO,17,1.0,0.4347826086956522,0.021739130434782608
Fortaleza,BONSUCESSO,18,2.0,0.8695652173913044,0.043478260869565216
Fortaleza,BONSUCESSO,19,5.0,2.173913043478261,0.10869565217391304
Fortaleza,BONSUCESSO,20,5.0,2.173913043478261,0.10869565217391304
Fortaleza,BONSUCESSO,21,2.0,0.8695652173913044,0.043478260869565216
Fortaleza,BONSUCESSO,22,2.0,0.8695652173913044,0.043478260869565216
Fortaleza,BONSUCESSO,23,1.0,0.4347826086956522,0.021739130434782608
Fortaleza,CAIS DO PORTO,1,1.0,0.5652173913043479,0.043478260869565216
Fortaleza,CAIS DO PORTO,2,1.0,0.5652173913043479,0.043478260869565216
Fortaleza,CAIS DO PORTO,5,2.0,1.1304347826086958,0.08695652173913043
Fortaleza,CAIS DO PORTO,6,1.0,0.5652173913043479,0.043478260869565216
Fortaleza,CAIS DO PORTO,7,2.0,1.1304347826086958,0.08695652173913043
Fortaleza,CAIS DO PORTO,8,1.0,0.5652173913043479,0.043478260869565216
Fortaleza,CAIS DO PORTO,11,1.0,0.5652173913043479,0.043478260869565216
Fortaleza,CAIS DO PORTO,16,1.0,0.5652173913043479,0.043478260869565216
Fortaleza,CAIS DO PORTO,17,3.0,1.6956521739130435,0.13043478260869565
Fortaleza,CAIS DO PORTO,19,6.0,3.391304347826087,0.2608695652173913
Fortaleza,CAIS DO PORTO,21,1.0,0.5652173913043479,0.043478260869565216
Fortaleza,CAIS DO PORTO,22,2.0,1.1304347826086958,0.08695652173913043
Fortaleza,CAIS DO PORTO,23,1.0,0.5652173913043479,0.043478260869565216
Fortaleza,CAJAZEIRAS,0,1.0,0.5142857142857143,0.02857142857142857
Fortaleza,CAJAZEIRAS,3,1.0,0.5142857142857143,0.02857142857142857
Fortaleza,CAJAZEIRAS,4,3.0,1.542857142857143,0.08571428571428572
Fortaleza,CAJAZEIRAS,5,1.0,0.5142857142857143,0.02857142857142857
Fortaleza,CAJAZEIRAS,6,2.0,1.0285714285714287,0.05714285714285714
Fortaleza,CAJAZEIRAS,7,2.0,1.0285714285714287,0.05714285714285714
Fortaleza,CAJAZEIRAS,9,2.0,1.0285714285714287,0.05714285714285714
Fortaleza,CAJAZEIRAS,10,2.0,1.0285714285714287,0.05714285714285714
Fortaleza,CAJAZEIRAS,11,1.0,0.5142857142857143,0.02857142857142857
Fortaleza,CAJAZEIRAS,13,2.0,1.0285714285714287,0.05714285714285714
Fortaleza,CAJAZEIRAS,15,2.0,1.0285714285714287,0.05714285714285714
Fortaleza,CAJAZEIRAS,17,3.0,1.542857142857143,0.08571428571428572
Fortaleza,CAJAZEIRAS,18,3.0,1.542857142857143,0.08571428571428572
Fortaleza,CAJAZEIRAS,19,1.0,0.5142857142857143,0.02857142857142857
Fortaleza,CAJAZEIRAS,20,2.0,1.0285714285714287,0.05714285714285714
Fortaleza,CAJAZEIRAS,21,2.0,1.0285714285714287,0.05714285714285714
Fortaleza,CAJAZEIRAS,22,2.0,1.0285714285714287,0.05714285714285714
Fortaleza,CAJAZEIRAS,23,3.0,1.542857142857143,0.08571428571428572
Fortaleza,CAMBEBA,1,1.0,1.0,0.125
Fortaleza,CAMBEBA,8,1.0,1.0,0.125
Fortaleza,CAMBEBA,12,1.0,1.0,0.125
Fortaleza,CAMBEBA,13,1.0,1.0,0.125
Fortaleza,CAMBEBA,14,1.0,1.0,0.125
Fortaleza,CAMBEBA,19,1.0,1.0,0.125
Fortaleza,CAMBEBA,20,1.0,1.0,0.125
Fortaleza,CAMBEBA,22,1.0,1.0,0.125
Fortaleza,CANINDEZINHO,0,2.0,0.9777777777777777,0.044444444444444446
Fortaleza,CANINDEZINHO,1,2.0,0.9777777777777777,0.044444444444444446
Fortaleza,CANINDEZINHO,2,2.0,0.9777777777777777,0.044444444444444446
Fortaleza,CANINDEZINHO,3,1.0,0.4888888888888889,0.022222222222222223
Fortaleza,CANINDEZINHO,4,1.0,0.4888888888888889,0.022222222222222223
Fortaleza,CANINDEZINHO,5,1.0,0.4888888888888889,0.022222222222222223
Fortaleza,CANINDEZINHO,6,2.0,0.9777777777777777,0.044444444444444446
Fortaleza,CANINDEZINHO,7,5.0,2.4444444444444446,0.1111111111111111
Fortaleza,CANINDEZINHO,10,2.0,0.9777777777777777,0.044444444444444446
Fortaleza,CANINDEZINHO,11,1.0,0.4888888888888889,0.022222222222222223
Fortaleza,CANINDEZINHO,12,3.0,1.4666666666666668,0.06666666666666667
Fortaleza,CANINDEZINHO,13,2.0,0.9777777777777777,0.044444444444444446
Fortaleza,CANINDEZINHO,14,2.0,0.9777777777777777,0.044444444444444446
Fortaleza,CANINDEZINHO,15,2.0,0.9777777777777777,0.044444444444444446
Fortaleza,CANINDEZINHO,16,3.0,1.4666666666666668,0.06666666666666667
Fortaleza,CANINDEZINHO,17,2.0,0.9777777777777777,0.044444444444444446
Fortaleza,CANINDEZINHO,18,2.0,0.9777777777777777,0.044444444444444446
Fortaleza,CANINDEZINHO,19,2.0,0.9777777777777777,0.044444444444444446
Fortaleza,CANINDEZINHO,20,2.0,0.9777777777777777,0.044444444444444446
Fortaleza,CANINDEZINHO,21,1.0,0.4888888888888889,0.022222222222222223
Fortaleza,CANINDEZINHO,22,2.0,0.9777777777777777,0.044444444444444446
Fortaleza,CANINDEZINHO,23,3.0,1.4666666666666668,0.06666666666666667
Fortaleza,CARARU,18,1.0,1.0,1.0
Fortaleza,CARLITO PAMPLONA,0,2.0,0.8,0.04
Fortaleza,CARLITO PAMPLONA,1,4.0,1.6,0.08
Fortaleza,CARLITO PAMPLONA,2,1.0,0.4,0.02
Fortaleza,CARLITO PAMPLONA,4,1.0,0.4,0.02
Fortaleza,CARLITO PAMPLONA,5,1.0,0.4,0.02
Fortaleza,CARLITO PAMPLONA,7,2.0,0.8,0.04
Fortaleza,CARLITO PAMPLONA,8,1.0,0.4,0.02
Fortaleza,CARLITO PAMPLONA,10,2.0,0.8,0.04
Fortaleza,CARLITO PAMPLONA,11,2.0,0.8,0.04
Fortaleza,CARLITO PAMPLONA,13,1.0,0.4,0.02
Fortaleza,CARLITO PAMPLONA,14,1.0,0.4,0.02
Fortaleza,CARLITO PAMPLONA,15,1.0,0.4,0.02
Fortaleza,CARLITO PAMPLONA,16,7.0,2.8,0.14
Fortaleza,CARLITO PAMPLONA,17,2.0,0.8,0.04
Fortaleza,CARLITO PAMPLONA,18,2.0,0.8,0.04
Fortaleza,CARLITO PAMPLONA,19,9.0,3.6,0.18
Fortaleza,CARLITO PAMPLONA,20,6.0,2.4,0.12
Fortaleza,CARLITO PAMPLONA,21,1.0,0.4,0.02
Fortaleza,CARLITO PAMPLONA,22,1.0,0.4,0.02
Fortaleza,CARLITO PAMPLONA,23,3.0,1.2,0.06
Fortaleza,CENTRO,0,2.0,1.027027027027027,0.05405405405405406
Fortaleza,CENTRO,1,1.0,0.5135135135135135,0.02702702702702703
Fortaleza,CENTRO,3,2.0,1.027027027027027,0.05405405405405406
Fortaleza,CENTRO,4,2.0,1.027027027027027,0.05405405405405406
Fortaleza,CENTRO,5,2.0,1.027027027027027,0.05405405405405406
Fortaleza,CENTRO,6,1.0,0.5135135135135135,0.02702702702702703
Fortaleza,CENTRO,8,1.0,0.5135135135135135,0.02702702702702703
Fortaleza,CENTRO,9,1.0,0.5135135135135135,0.02702702702702703
Fortaleza,CENTRO,11,2.0,1.027027027027027,0.05405405405405406
Fortaleza,CENTRO,12,1.0,0.5135135135135135,0.02702702702702703
Fortaleza,CENTRO,13,2.0,1.027027027027027,0.05405405405405406
Fortaleza,CENTRO,14,1.0,0.5135135135135135,0.02702702702702703
Fortaleza,CENTRO,15,2.0,1.027027027027027,0.05405405405405406
Fortaleza,CENTRO,16,2.0,1.027027027027027,0.05405405405405406
Fortaleza,CENTRO,17,2.0,1.027027027027027,0.05405405405405406
Fortaleza,CENTRO,19,2.0,1.027027027027027,0.05405405405405406
Fortaleza,CENTRO,21,2.0,1.027027027027027,0.05405405405405406
Fortaleza,CENTRO,22,4.0,2.054054054054054,0.10810810810810811
Fortaleza,CENTRO,23,5.0,2.5675675675675675,0.13513513513513514
Fortaleza,CIDADE 2000,10,1.0,0.8,0.2
Fortaleza,CIDADE 2000,16,1.0,0.8,0.2
Fortaleza,CIDADE 2000,19,2.0,1.6,0.4
Fortaleza,CIDADE 2000,23,1.0,0.8,0.2
Fortaleza,CIDADE DOS FUNCIONÁRIOS,0,1.0,0.64,0.04
Fortaleza,CIDADE DOS FUNCIONÁRIOS,1,1.0,0.64,0.04
Fortaleza,CIDADE DOS FUNCIONÁRIOS,2,1.0,0.64,0.04
Fortaleza,CIDADE DOS FUNCIONÁRIOS,4,2.0,1.28,0.08
Fortaleza,CIDADE DOS FUNCIONÁRIOS,5,1.0,0.64,0.04
Fortaleza,CIDADE DOS FUNCIONÁRIOS,8,1.0,0.64,0.04
Fortaleza,CIDADE DOS FUNCIONÁRIOS,9,2.0,1.28,0.08
Fortaleza,CIDADE DOS FUNCIONÁRIOS,10,2.0,1.28,0.08
Fortaleza,CIDADE DOS FUNCIONÁRIOS,11,1.0,0.64,0.04
Fortaleza,CIDADE DOS FUNCIONÁRIOS,14,1.0,0.64,0.04
Fortaleza,CIDADE DOS FUNCIONÁRIOS,15,1.0,0.64,0.04
Fortaleza,CIDADE DOS FUNCIONÁRIOS,16,3.0,1.92,0.12
Fortaleza,CIDADE DOS FUNCIONÁRIOS,18,1.0,0.64,0.04
Fortaleza,CIDADE DOS FUNCIONÁRIOS,19,2.0,1.28,0.08
Fortaleza,CIDADE DOS FUNCIONÁRIOS,21,3.0,1.92,0.12
Fortaleza,CIDADE DOS FUNCIONÁRIOS,22,2.0,1.28,0.08
Fortaleza,COAÇU,3,1.0,0.6153846153846154,0.07692307692307693
Fortaleza,COAÇU,10,1.0,0.6153846153846154,0.07692307692307693
Fortaleza,COAÇU,15,1.0,0.6153846153846154,0.07692307692307693
Fortaleza,COAÇU,16,2.0,1.2307692307692308,0.15384615384615385
Fortaleza,COAÇU,17,1.0,0.6153846153846154,0.07692307692307693
Fortaleza,COAÇU,19,4.0,2.4615384615384617,0.3076923076923077
Fortaleza,COAÇU,21,2.0,1.2307692307692308,0.15384615384615385
Fortaleza,COAÇU,23,1.0,0.6153846153846154,0.07692307692307693
Fortaleza,COCÓ,6,1.0,0.8,0.2
Fortaleza,COCÓ,7,1.0,0.8,0.2
Fortaleza,COCÓ,11,1.0,0.8,0.2
Fortaleza,COCÓ,13,2.0,1.6,0.4
Fortaleza,CONJUNTO CEARÁ I,0,1.0,0.8181818181818181,0.09090909090909091
Fortaleza,CONJUNTO CEARÁ I,2,1.0,0.8181818181818181,0.09090909090909091
Fortaleza,CONJUNTO CEARÁ I,3,1.0,0.8181818181818181,0.09090909090909091
Fortaleza,CONJUNTO CEARÁ I,4,2.0,1.6363636363636362,0.18181818181818182
Fortaleza,CONJUNTO CEARÁ I,5,1.0,0.8181818181818181,0.09090909090909091
Fortaleza,CONJUNTO CEARÁ I,16,1.0,0.8181818181818181,0.09090909090909091
Fortaleza,CONJUNTO CEARÁ I,17,1.0,0.8181818181818181,0.09090909090909091
Fortaleza,CONJUNTO CEARÁ I,18,2.0,1.6363636363636362,0.18181818181818182
Fortaleza,CONJUNTO CEARÁ I,19,1.0,0.8181818181818181,0.09090909090909091
Fortaleza,CONJUNTO CEARÁ II,1,2.0,1.6923076923076923,0.15384615384615385
Fortaleza,CONJUNTO CEARÁ II,5,1.0,0.8461538461538461,0.07692307692307693
Fortaleza,CONJUNTO CEARÁ II,6,1.0,0.8461538461538461,0.07692307692307693
Fortaleza,CONJUNTO CEARÁ II,8,1.0,0.8461538461538461,0.07692307692307693
Fortaleza,CONJUNTO CEARÁ II,11,1.0,0.8461538461538461,0.07692307692307693
Fortaleza,CONJUNTO CEARÁ II,14,1.0,0.8461538461538461,0.07692307692307693
Fortaleza,CONJUNTO CEARÁ II,16,1.0,0.8461538461538461,0.07692307692307693
Fortaleza,CONJUNTO CEARÁ II,17,1.0,0.8461538461538461,0.07692307692307693
Fortaleza,CONJUNTO CEARÁ II,20,1.0,0.8461538461538461,0.07692307692307693
Fortaleza,CONJUNTO CEARÁ II,21,2.0,1.6923076923076923,0.15384615384615385
Fortaleza,CONJUNTO CEARÁ II,22,1.0,0.8461538461538461,0.07692307692307693
Fortaleza,CONJUNTO ESPERANÇA,2,1.0,0.8461538461538461,0.07692307692307693
Fortaleza,CONJUNTO ESPERANÇA,3,1.0,0.8461538461538461,0.07692307692307693
Fortaleza,CONJUNTO ESPERANÇA,6,2.0,1.6923076923076923,0.15384615384615385
Fortaleza,CONJUNTO ESPERANÇA,9,1.0,0.8461538461538461,0.07692307692307693
Fortaleza,CONJUNTO ESPERANÇA,12,1.0,0.8461538461538461,0.07692307692307693
Fortaleza,CONJUNTO ESPERANÇA,13,1.0,0.8461538461538461,0.07692307692307693
Fortaleza,CONJUNTO ESPERANÇA,15,1.0,0.8461538461538461,0.07692307692307693
Fortaleza,CONJUNTO ESPERANÇA,16,1.0,0.8461538461538461,0.07692307692307693
Fortaleza,CONJUNTO ESPERANÇA,17,1.0,0.8461538461538461,0.07692307692307693
Fortaleza,CONJUNTO ESPERANÇA,21,2.0,1.6923076923076923,0.15384615384615385
Fortaleza,CONJUNTO ESPERANÇA,23,1.0,0.8461538461538461,0.07692307692307693
Fortaleza,CONJUNTO PALMEIRAS,0,3.0,1.0,0.05555555555555555
Fortaleza,CONJUNTO PALMEIRAS,2,1.0,0.3333333333333333,0.018518518518518517
Fortaleza,CONJUNTO PALMEIRAS,3,3.0,1.0,0.05555555555555555
Fortaleza,CONJUNTO PALMEIRAS,5,4.0,1.3333333333333333,0.07407407407407407
Fortaleza,CONJUNTO PALMEIRAS,6,2.0,0.6666666666666666,0.037037037037037035
Fortaleza,CONJUNTO PALMEIRAS,8,2.0,0.6666666666666666,0.037037037037037035
Fortaleza,CONJUNTO PALMEIRAS,10,2.0,0.6666666666666666,0.037037037037037035
Fortaleza,CONJUNTO PALMEIRAS,12,4.0,1.3333333333333333,0.07407407407407407
Fortaleza,CONJUNTO PALMEIRAS,13,4.0,1.3333333333333333,0.07407407407407407
Fortaleza,CONJUNTO PALMEIRAS,14,1.0,0.3333333333333333,0.018518518518518517
Fortaleza,CONJUNTO PALMEIRAS,15,5.0,1.6666666666666667,0.09259259259259259
Fortaleza,CONJUNTO PALMEIRAS,16,4.0,1.3333333333333333,0.07407407407407407
Fortaleza,CONJUNTO PALMEIRAS,17,2.0,0.6666666666666666,0.037037037037037035
Fortaleza,CONJUNTO PALMEIRAS,18,3.0,1.0,0.05555555555555555
Fortaleza,CONJUNTO PALMEIRAS,19,4.0,1.3333333333333333,0.07407407407407407
Fortaleza,CONJUNTO PALMEIRAS,20,4.0,1.3333333333333333,0.07407407407407407
Fortaleza,CONJUNTO PALMEIRAS,21,2.0,0.6666666666666666,0.037037037037037035
Fortaleza,CONJUNTO PALMEIRAS,22,4.0,1.3333333333333333,0.07407407407407407
Fortaleza,COUTO FERNANDES,0,1.0,1.0,0.16666666666666666
Fortaleza,COUTO FERNANDES,2,1.0,1.0,0.16666666666666666
Fortaleza,COUTO FERNANDES,7,1.0,1.0,0.16666666666666666
Fortaleza,COUTO FERNANDES,12,1.0,1.0,0.16666666666666666
Fortaleza,COUTO FERNANDES,19,1.0,1.0,0.16666666666666666
Fortaleza,COUTO FERNANDES,20,1.0,1.0,0.16666666666666666
Fortaleza,CRISTO REDENTOR,0,4.0,1.4,0.06666666666666667
Fortaleza,CRISTO REDENTOR,1,2.0,0.7,0.03333333333333333
Fortaleza,CRISTO REDENTOR,2,2.0,0.7,0.03333333333333333
Fortaleza,CRISTO REDENTOR,4,3.0,1.05,0.05
Fortaleza,CRISTO REDENTOR,6,1.0,0.35,0.016666666666666666
Fortaleza,CRISTO REDENTOR,7,3.0,1.05,0.05
Fortaleza,CRISTO REDENTOR,8,2.0,0.7,0.03333333333333333
Fortaleza,CRISTO REDENTOR,9,2.0,0.7,0.03333333333333333
Fortaleza,CRISTO REDENTOR,10,2.0,0.7,0.03333333333333333
Fortaleza,CRISTO REDENTOR,12,1.0,0.35,0.016666666666666666
Fortaleza,CRISTO REDENTOR,13,6.0,2.1,0.1
Fortaleza,CRISTO REDENTOR,14,1.0,0.35,0.016666666666666666
Fortaleza,CRISTO REDENTOR,15,7.0,2.4499999999999997,0.11666666666666667
Fortaleza,CRISTO REDENTOR,16,5.0,1.75,0.08333333333333333
Fortaleza,CRISTO REDENTOR,17,2.0,0.7,0.03333333333333333
Fortaleza,CRISTO REDENTOR,18,4.0,1.4,0.06666666666666667
Fortaleza,CRISTO REDENTOR,19,2.0,0.7,0.03333333333333333
Fortaleza,CRISTO REDENTOR,20,3.0,1.05,0.05
Fortaleza,CRISTO REDENTOR,21,2.0,0.7,0.03333333333333333
Fortaleza,CRISTO REDENTOR,22,4.0,1.4,0.06666666666666667
Fortaleza,CRISTO REDENTOR,23,2.0,0.7,0.03333333333333333
Fortaleza,CURIÓ,0,3.0,2.125,0.125
Fortaleza,CURIÓ,1,1.0,0.7083333333333333,0.041666666666666664
Fortaleza,CURIÓ,4,1.0,0.7083333333333333,0.041666666666666664
Fortaleza,CURIÓ,5,1.0,0.7083333333333333,0.041666666666666664
Fortaleza,CURIÓ,6,1.0,0.7083333333333333,0.041666666666666664
Fortaleza,CURIÓ,7,1.0,0.7083333333333333,0.041666666666666664
Fortaleza,CURIÓ,8,1.0,0.7083333333333333,0.041666666666666664
Fortaleza,CURIÓ,10,1.0,0.7083333333333333,0.041666666666666664
Fortaleza,CURIÓ,12,1.0,0.7083333333333333,0.041666666666666664
Fortaleza,CURIÓ,13,1.0,0.7083333333333333,0.041666666666666664
Fortaleza,CURIÓ,15,1.0,0.7083333333333333,0.041666666666666664
Fortaleza,CURIÓ,17,2.0,1.4166666666666665,0.08333333333333333
Fortaleza,CURIÓ,18,2.0,1.4166666666666665,0.08333333333333333
Fortaleza,CURIÓ,19,2.0,1.4166666666666665,0.08333333333333333
Fortaleza,CURIÓ,20,1.0,0.7083333333333333,0.041666666666666664
Fortaleza,CURIÓ,21,2.0,1.4166666666666665,0.08333333333333333
Fortaleza,CURIÓ,22,2.0,1.4166666666666665,0.08333333333333333
Fortaleza,DAMAS,8,2.0,1.3333333333333333,0.6666666666666666
Fortaleza,DAMAS,18,1.0,0.6666666666666666,0.3333333333333333
Fortaleza,DEMÓCRITO ROCHA,2,1.0,0.8571428571428571,0.14285714285714285
Fortaleza,DEMÓCRITO ROCHA,5,1.0,0.8571428571428571,0.14285714285714285
Fortaleza,DEMÓCRITO ROCHA,9,1.0,0.8571428571428571,0.14285714285714285
Fortaleza,DEMÓCRITO ROCHA,11,1.0,0.8571428571428571,0.14285714285714285
Fortaleza,DEMÓCRITO ROCHA,14,1.0,0.8571428571428571,0.14285714285714285
Fortaleza,DEMÓCRITO ROCHA,17,2.0,1.7142857142857142,0.2857142857142857
Fortaleza,DIAS MACÊDO,0,1.0,0.8333333333333334,0.08333333333333333
Fortaleza,DIAS MACÊDO,6,1.0,0.8333333333333334,0.08333333333333333
Fortaleza,DIAS MACÊDO,9,1.0,0.8333333333333334,0.08333333333333333
Fortaleza,DIAS MACÊDO,12,1.0,0.8333333333333334,0.08333333333333333
Fortaleza,DIAS MACÊDO,13,1.0,0.8333333333333334,0.08333333333333333
Fortaleza,DIAS MACÊDO,16,1.0,0.8333333333333334,0.08333333333333333
Fortaleza,DIAS MACÊDO,17,1.0,0.8333333333333334,0.08333333333333333
Fortaleza,DIAS MACÊDO,18,1.0,0.8333333333333334,0.08333333333333333
Fortaleza,DIAS MACÊDO,20,2.0,1.6666666666666667,0.16666666666666666
Fortaleza,DIAS MACÊDO,21,2.0,1.6666666666666667,0.16666666666666666
Fortaleza,DIONÍSIO TORRES,19,1.0,1.0,1.0
Fortaleza,DOM LUSTOSA,0,2.0,1.5384615384615383,0.15384615384615385
Fortaleza,DOM LUSTOSA,4,1.0,0.7692307692307692,0.07692307692307693
Fortaleza,DOM LUSTOSA,5,1.0,0.7692307692307692,0.07692307692307693
Fortaleza,DOM LUSTOSA,10,1.0,0.7692307692307692,0.07692307692307693
Fortaleza,DOM LUSTOSA,12,1.0,0.7692307692307692,0.07692307692307693
Fortaleza,DOM LUSTOSA,13,3.0,2.3076923076923075,0.23076923076923078
Fortaleza,DOM LUSTOSA,17,1.0,0.7692307692307692,0.07692307692307693
Fortaleza,DOM LUSTOSA,20,1.0,0.7692307692307692,0.07692307692307693
Fortaleza,DOM LUSTOSA,22,1.0,0.7692307692307692,0.07692307692307693
Fortaleza,DOM LUSTOSA,23,1.0,0.7692307692307692,0.07692307692307693
Fortaleza,EDSON QUEIROZ,0,1.0,0.46511627906976744,0.023255813953488372
Fortaleza,EDSON QUEIROZ,1,4.0,1.8604651162790697,0.09302325581395349
Fortaleza,EDSON QUEIROZ,3,1.0,0.46511627906976744,0.023255813953488372
Fortaleza,EDSON QUEIROZ,4,2.0,0.9302325581395349,0.046511627906976744
Fortaleza,EDSON QUEIROZ,5,1.0,0.46511627906976744,0.023255813953488372
Fortaleza,EDSON QUEIROZ,8,2.0,0.9302325581395349,0.046511627906976744
Fortaleza,EDSON QUEIROZ,9,4.0,1.8604651162790697,0.09302325581395349
Fortaleza,EDSON QUEIROZ,10,1.0,0.46511627906976744,0.023255813953488372
Fortaleza,EDSON QUEIROZ,11,1.0,0.46511627906976744,0.023255813953488372
Fortaleza,EDSON QUEIROZ,12,1.0,0.46511627906976744,0.023255813953488372
Fortaleza,EDSON QUEIROZ,14,1.0,0.46511627906976744,0.023255813953488372
Fortaleza,EDSON QUEIROZ,15,3.0,1.3953488372093024,0.06976744186046512
Fortaleza,EDSON QUEIROZ,16,1.0,0.46511627906976744,0.023255813953488372
Fortaleza,EDSON QUEIROZ,17,4.0,1.8604651162790697,0.09302325581395349
Fortaleza,EDSON QUEIROZ,18,3.0,1.3953488372093024,0.06976744186046512
Fortaleza,EDSON QUEIROZ,19,2.0,0.9302325581395349,0.046511627906976744
Fortaleza,EDSON QUEIROZ,20,2.0,0.9302325581395349,0.046511627906976744
Fortaleza,EDSON QUEIROZ,21,2.0,0.9302325581395349,0.046511627906976744
Fortaleza,EDSON QUEIROZ,22,2.0,0.9302325581395349,0.046511627906976744
Fortaleza,EDSON QUEIROZ,23,5.0,2.3255813953488373,0.11627906976744186
Fortaleza,ELLERY,11,1.0,1.0,0.5
Fortaleza,ELLERY,17,1.0,1.0,0.5
Fortaleza,ENGENHEIRO LUCIANO CAVALCANTE,5,1.0,0.8,0.1
Fortaleza,ENGENHEIRO LUCIANO CAVALCANTE,6,1.0,0.8,0.1
Fortaleza,ENGENHEIRO LUCIANO CAVALCANTE,7,1.0,0.8,0.1
Fortaleza,ENGENHEIRO LUCIANO CAVALCANTE,8,1.0,0.8,0.1
Fortaleza,ENGENHEIRO LUCIANO CAVALCANTE,9,1.0,0.8,0.1
Fortaleza,ENGENHEIRO LUCIANO CAVALCANTE,13,1.0,0.8,0.1
Fortaleza,ENGENHEIRO LUCIANO CAVALCANTE,15,2.0,1.6,0.2
Fortaleza,ENGENHEIRO LUCIANO CAVALCANTE,16,2.0,1.6,0.2
Fortaleza,FARIAS BRITO,8,1.0,0.7,0.1
Fortaleza,FARIAS BRITO,16,2.0,1.4,0.2
Fortaleza,FARIAS BRITO,18,2.0,1.4,0.2
Fortaleza,FARIAS BRITO,19,1.0,0.7,0.1
Fortaleza,FARIAS BRITO,20,1.0,0.7,0.1
Fortaleza,FARIAS BRITO,21,1.0,0.7,0.1
Fortaleza,FARIAS BRITO,23,2.0,1.4,0.2
Fortaleza,FLORESTA,0,1.0,0.5925925925925926,0.037037037037037035
Fortaleza,FLORESTA,1,2.0,1.1851851851851851,0.07407407407407407
Fortaleza,FLORESTA,3,1.0,0.5925925925925926,0.037037037037037035
Fortaleza,FLORESTA,5,2.0,1.1851851851851851,0.07407407407407407
Fortaleza,FLORESTA,6,1.0,0.5925925925925926,0.037037037037037035
Fortaleza,FLORESTA,7,2.0,1.1851851851851851,0.07407407407407407
Fortaleza,FLORESTA,8,2.0,1.1851851851851851,0.07407407407407407
Fortaleza,FLORESTA,11,2.0,1.1851851851851851,0.07407407407407407
Fortaleza,FLORESTA,12,2.0,1.1851851851851851,0.07407407407407407
Fortaleza,FLORESTA,13,1.0,0.5925925925925926,0.037037037037037035
Fortaleza,FLORESTA,15,1.0,0.5925925925925926,0.037037037037037035
Fortaleza,FLORESTA,16,3.0,1.7777777777777777,0.1111111111111111
Fortaleza,FLORESTA,17,2.0,1.1851851851851851,0.07407407407407407
Fortaleza,FLORESTA,19,2.0,1.1851851851851851,0.07407407407407407
Fortaleza,FLORESTA,20,1.0,0.5925925925925926,0.037037037037037035
Fortaleza,FLORESTA,21,2.0,1.1851851851851851,0.07407407407407407
Fortaleza,FÁTIMA,0,1.0,0.8333333333333334,0.08333333333333333
Fortaleza,FÁTIMA,15,1.0,0.8333333333333334,0.08333333333333333
Fortaleza,FÁTIMA,16,1.0,0.8333333333333334,0.08333333333333333
Fortaleza,FÁTIMA,17,1.0,0.8333333333333334,0.08333333333333333
Fortaleza,FÁTIMA,18,1.0,0.8333333333333334,0.08333333333333333
Fortaleza,FÁTIMA,19,2.0,1.6666666666666667,0.16666666666666666
Fortaleza,FÁTIMA,20,1.0,0.8333333333333334,0.08333333333333333
Fortaleza,FÁTIMA,21,1.0,0.8333333333333334,0.08333333333333333
Fortaleza,FÁTIMA,22,2.0,1.6666666666666667,0.16666666666666666
Fortaleza,FÁTIMA,23,1.0,0.8333333333333334,0.08333333333333333
Fortaleza,GENIBAÚ,0,1.0,0.5517241379310345,0.034482758620689655
Fortaleza,GENIBAÚ,2,2.0,1.103448275862069,0.06896551724137931
Fortaleza,GENIBAÚ,3,2.0,1.103448275862069,0.06896551724137931
Fortaleza,GENIBAÚ,4,1.0,0.5517241379310345,0.034482758620689655
Fortaleza,GENIBAÚ,5,1.0,0.5517241379310345,0.034482758620689655
Fortaleza,GENIBAÚ,6,2.0,1.103448275862069,0.06896551724137931
Fortaleza,GENIBAÚ,10,2.0,1.103448275862069,0.06896551724137931
Fortaleza,GENIBAÚ,13,2.0,1.103448275862069,0.06896551724137931
Fortaleza,GENIBAÚ,14,1.0,0.5517241379310345,0.034482758620689655
Fortaleza,GENIBAÚ,15,3.0,1.6551724137931034,0.10344827586206896
Fortaleza,GENIBAÚ,16,2.0,1.103448275862069,0.06896551724137931
Fortaleza,GENIBAÚ,18,4.0,2.206896551724138,0.13793103448275862
Fortaleza,GENIBAÚ,19,1.0,0.5517241379310345,0.034482758620689655
Fortaleza,GENIBAÚ,21,1.0,0.5517241379310345,0.034482758620689655
Fortaleza,GENIBAÚ,22,2.0,1.103448275862069,0.06896551724137931
Fortaleza,GENIBAÚ,23,2.0,1.103448275862069,0.06896551724137931
Fortaleza,GRANJA LISBOA,1,5.0,1.0185185185185186,0.046296296296296294
Fortaleza,GRANJA LISBOA,2,2.0,0.4074074074074074,0.018518518518518517
Fortaleza,GRANJA LISBOA,4,6.0,1.222222222222222,0.05555555555555555
Fortaleza,GRANJA LISBOA,5,7.0,1.4259259259259258,0.06481481481481481
Fortaleza,GRANJA LISBOA,6,6.0,1.222222222222222,0.05555555555555555
Fortaleza,GRANJA LISBOA,7,4.0,0.8148148148148148,0.037037037037037035
Fortaleza,GRANJA LISBOA,8,1.0,0.2037037037037037,0.009259259259259259
Fortaleza,GRANJA LISBOA,9,3.0,0.611111111111111,0.027777777777777776
Fortaleza,GRANJA LISBOA,10,3.0,0.611111111111111,0.027777777777777776
Fortaleza,GRANJA LISBOA,11,4.0,0.8148148148148148,0.037037037037037035
Fortaleza,GRANJA LISBOA,12,5.0,1.0185185185185186,0.046296296296296294
Fortaleza,GRANJA LISBOA,13,8.0,1.6296296296296295,0.07407407407407407
Fortaleza,GRANJA LISBOA,14,2.0,0.4074074074074074,0.018518518518518517
Fortaleza,GRANJA LISBOA,15,7.0,1.4259259259259258,0.06481481481481481
Fortaleza,GRANJA LISBOA,16,7.0,1.4259259259259258,0.06481481481481481
Fortaleza,GRANJA LISBOA,17,6.0,1.222222222222222,0.05555555555555555
Fortaleza,GRANJA LISBOA,18,5.0,1.0185185185185186,0.046296296296296294
Fortaleza,GRANJA LISBOA,19,4.0,0.8148148148148148,0.037037037037037035
Fortaleza,GRANJA LISBOA,20,3.0,0.611111111111111,0.027777777777777776
Fortaleza,GRANJA LISBOA,21,10.0,2.037037037037037,0.09259259259259259
Fortaleza,GRANJA LISBOA,22,5.0,1.0185185185185186,0.046296296296296294
Fortaleza,GRANJA LISBOA,23,5.0,1.0185185185185186,0.046296296296296294
Fortaleza,GRANJA PORTUGAL,1,2.0,0.7142857142857143,0.03571428571428571
Fortaleza,GRANJA PORTUGAL,2,3.0,1.0714285714285714,0.05357142857142857
Fortaleza,GRANJA PORTUGAL,4,2.0,0.7142857142857143,0.03571428571428571
Fortaleza,GRANJA PORTUGAL,5,2.0,0.7142857142857143,0.03571428571428571
Fortaleza,GRANJA PORTUGAL,6,2.0,0.7142857142857143,0.03571428571428571
Fortaleza,GRANJA PORTUGAL,7,1.0,0.35714285714285715,0.017857142857142856
Fortaleza,GRANJA PORTUGAL,9,1.0,0.35714285714285715,0.017857142857142856
Fortaleza,GRANJA PORTUGAL,11,2.0,0.7142857142857143,0.03571428571428571
Fortaleza,GRANJA PORTUGAL,12,2.0,0.7142857142857143,0.03571428571428571
Fortaleza,GRANJA PORTUGAL,13,1.0,0.35714285714285715,0.017857142857142856
Fortaleza,GRANJA PORTUGAL,14,4.0,1.4285714285714286,0.07142857142857142
Fortaleza,GRANJA PORTUGAL,15,1.0,0.35714285714285715,0.017857142857142856
Fortaleza,GRANJA PORTUGAL,16,6.0,2.142857142857143,0.10714285714285714
Fortaleza,GRANJA PORTUGAL,17,3.0,1.0714285714285714,0.05357142857142857
Fortaleza,GRANJA PORTUGAL,18,4.0,1.4285714285714286,0.07142857142857142
Fortaleza,GRANJA PORTUGAL,19,5.0,1.7857142857142858,0.08928571428571429
Fortaleza,GRANJA PORTUGAL,20,2.0,0.7142857142857143,0.03571428571428571
Fortaleza,GRANJA PORTUGAL,21,4.0,1.4285714285714286,0.07142857142857142
Fortaleza,GRANJA PORTUGAL,22,4.0,1.4285714285714286,0.07142857142857142
Fortaleza,GRANJA PORTUGAL,23,5.0,1.7857142857142858,0.08928571428571429
Fortaleza,GUAJERU,0,1.0,0.611111111111111,0.05555555555555555
Fortaleza,GUAJERU,4,1.0,0.611111111111111,0.05555555555555555
Fortaleza,GUAJERU,5,1.0,0.611111111111111,0.05555555555555555
Fortaleza,GUAJERU,7,1.0,0.611111111111111,0.05555555555555555
Fortaleza,GUAJERU,9,1.0,0.611111111111111,0.05555555555555555
Fortaleza,GUAJERU,16,2.0,1.222222222222222,0.1111111111111111
Fortaleza,GUAJERU,17,2.0,1.222222222222222,0.1111111111111111
Fortaleza,GUAJERU,18,2.0,1.222222222222222,0.1111111111111111
Fortaleza,GUAJERU,19,5.0,3.0555555555555554,0.2777777777777778
Fortaleza,GUAJERU,20,1.0,0.611111111111111,0.05555555555555555
Fortaleza,GUAJERU,22,1.0,0.611111111111111,0.05555555555555555
Fortaleza,HENRIQUE JORGE,0,1.0,0.6842105263157895,0.05263157894736842
Fortaleza,HENRIQUE JORGE,3,1.0,0.6842105263157895,0.05263157894736842
Fortaleza,HENRIQUE JORGE,4,1.0,0.6842105263157895,0.05263157894736842
Fortaleza,HENRIQUE JORGE,5,1.0,0.6842105263157895,0.05263157894736842
Fortaleza,HENRIQUE JORGE,6,1.0,0.6842105263157895,0.05263157894736842
Fortaleza,HENRIQUE JORGE,8,1.0,0.6842105263157895,0.05263157894736842
Fortaleza,HENRIQUE JORGE,10,2.0,1.368421052631579,0.10526315789473684
Fortaleza,HENRIQUE JORGE,13,1.0,0.6842105263157895,0.05263157894736842
Fortaleza,HENRIQUE JORGE,14,1.0,0.6842105263157895,0.05263157894736842
Fortaleza,HENRIQUE JORGE,15,1.0,0.6842105263157895,0.05263157894736842
Fortaleza,HENRIQUE JORGE,18,2.0,1.368421052631579,0.10526315789473684
Fortaleza,HENRIQUE JORGE,20,4.0,2.736842105263158,0.21052631578947367
Fortaleza,HENRIQUE JORGE,22,2.0,1.368421052631579,0.10526315789473684
Fortaleza,ITAOCA,0,1.0,0.75,0.125
Fortaleza,ITAOCA,12,1.0,0.75,0.125
Fortaleza,ITAOCA,13,2.0,1.5,0.25
Fortaleza,ITAOCA,15,1.0,0.75,0.125
Fortaleza,ITAOCA,18,2.0,1.5,0.25
Fortaleza,ITAOCA,22,1.0,0.75,0.125
Fortaleza,ITAPERI,0,1.0,0.8,0.1
Fortaleza,ITAPERI,5,1.0,0.8,0.1
Fortaleza,ITAPERI,11,1.0,0.8,0.1
Fortaleza,ITAPERI,15,1.0,0.8,0.1
Fortaleza,ITAPERI,16,1.0,0.8,0.1
Fortaleza,ITAPERI,18,1.0,0.8,0.1
Fortaleza,ITAPERI,19,1.0,0.8,0.1
Fortaleza,ITAPERI,21,3.0,2.4,0.3
Fortaleza,JACARECANGA,2,1.0,0.5862068965517242,0.034482758620689655
Fortaleza,JACARECANGA,3,1.0,0.5862068965517242,0.034482758620689655
Fortaleza,JACARECANGA,6,5.0,2.931034482758621,0.1724137931034483
Fortaleza,JACARECANGA,7,1.0,0.5862068965517242,0.034482758620689655
Fortaleza,JACARECANGA,8,2.0,1.1724137931034484,0.06896551724137931
Fortaleza,JACARECANGA,9,1.0,0.5862068965517242,0.034482758620689655
Fortaleza,JACARECANGA,10,1.0,0.5862068965517242,0.034482758620689655
Fortaleza,JACARECANGA,11,1.0,0.5862068965517242,0.034482758620689655
Fortaleza,JACARECANGA,12,1.0,0.5862068965517242,0.034482758620689655
Fortaleza,JACARECANGA,13,3.0,1.7586206896551724,0.10344827586206896
Fortaleza,JACARECANGA,14,2.0,1.1724137931034484,0.06896551724137931
Fortaleza,JACARECANGA,15,1.0,0.5862068965517242,0.034482758620689655
Fortaleza,JACARECANGA,16,2.0,1.1724137931034484,0.06896551724137931
Fortaleza,JACARECANGA,18,1.0,0.5862068965517242,0.034482758620689655
Fortaleza,JACARECANGA,19,3.0,1.7586206896551724,0.10344827586206896
Fortaleza,JACARECANGA,21,1.0,0.5862068965517242,0.034482758620689655
Fortaleza,JACARECANGA,23,2.0,1.1724137931034484,0.06896551724137931
Fortaleza,JANGURUSSU,0,3.0,0.46153846153846156,0.019230769230769232
Fortaleza,JANGURUSSU,1,8.0,1.2307692307692308,0.05128205128205128
Fortaleza,JANGURUSSU,2,4.0,0.6153846153846154,0.02564102564102564
Fortaleza,JANGURUSSU,3,5.0,0.7692307692307693,0.03205128205128205
Fortaleza,JANGURUSSU,4,3.0,0.46153846153846156,0.019230769230769232
Fortaleza,JANGURUSSU,5,3.0,0.46153846153846156,0.019230769230769232
Fortaleza,JANGURUSSU,6,7.0,1.0769230769230769,0.04487179487179487
Fortaleza,JANGURUSSU,7,1.0,0.15384615384615385,0.00641025641025641
Fortaleza,JANGURUSSU,8,3.0,0.46153846153846156,0.019230769230769232
Fortaleza,JANGURUSSU,9,2.0,0.3076923076923077,0.01282051282051282
Fortaleza,JANGURUSSU,10,3.0,0.46153846153846156,0.019230769230769232
Fortaleza,JANGURUSSU,11,2.0,0.3076923076923077,0.01282051282051282
Fortaleza,JANGURUSSU,12,10.0,1.5384615384615385,0.0641025641025641
Fortaleza,JANGURUSSU,13,7.0,1.0769230769230769,0.04487179487179487
Fortaleza,JANGURUSSU,14,5.0,0.7692307692307693,0.03205128205128205
Fortaleza,JANGURUSSU,15,6.0,0.9230769230769231,0.038461538461538464
Fortaleza,JANGURUSSU,16,5.0,0.7692307692307693,0.03205128205128205
Fortaleza,JANGURUSSU,17,7.0,1.0769230769230769,0.04487179487179487
Fortaleza,JANGURUSSU,18,6.0,0.9230769230769231,0.038461538461538464
Fortaleza,JANGURUSSU,19,15.0,2.3076923076923075,0.09615384615384616
Fortaleza,JANGURUSSU,20,18.0,2.769230769230769,0.11538461538461539
Fortaleza,JANGURUSSU,21,16.0,2.4615384615384617,0.10256410256410256
Fortaleza,JANGURUSSU,22,12.0,1.8461538461538463,0.07692307692307693
Fortaleza,JANGURUSSU,23,5.0,0.7692307692307693,0.03205128205128205
Fortaleza,JARDIM AMÉRICA,3,1.0,0.5714285714285714,0.14285714285714285
Fortaleza,JARDIM AMÉRICA,6,1.0,0.5714285714285714,0.14285714285714285
Fortaleza,JARDIM AMÉRICA,19,2.0,1.1428571428571428,0.2857142857142857
Fortaleza,JARDIM AMÉRICA,21,3.0,1.7142857142857142,0.42857142857142855
Fortaleza,JARDIM CEARENSE,11,1.0,1.0,0.3333333333333333
Fortaleza,JARDIM CEARENSE,17,1.0,1.0,0.3333333333333333
Fortaleza,JARDIM CEARENSE,19,1.0,1.0,0.3333333333333333
Fortaleza,JARDIM DAS OLIVEIRAS,1,4.0,1.3599999999999999,0.08
Fortaleza,JARDIM DAS OLIVEIRAS,4,2.0,0.6799999999999999,0.04
Fortaleza,JARDIM DAS OLIVEIRAS,5,1.0,0.33999999999999997,0.02
Fortaleza,JARDIM DAS OLIVEIRAS,6,1.0,0.33999999999999997,0.02
Fortaleza,JARDIM DAS OLIVEIRAS,9,2.0,0.6799999999999999,0.04
Fortaleza,JARDIM DAS OLIVEIRAS,10,1.0,0.33999999999999997,0.02
Fortaleza,JARDIM DAS OLIVEIRAS,11,3.0,1.02,0.06
Fortaleza,JARDIM DAS OLIVEIRAS,12,2.0,0.6799999999999999,0.04
Fortaleza,JARDIM DAS OLIVEIRAS,13,2.0,0.6799999999999999,0.04
Fortaleza,JARDIM DAS OLIVEIRAS,16,5.0,1.7,0.1
Fortaleza,JARDIM DAS OLIVEIRAS,17,2.0,0.6799999999999999,0.04
Fortaleza,JARDIM DAS OLIVEIRAS,18,2.0,0.6799999999999999,0.04
Fortaleza,JARDIM DAS OLIVEIRAS,19,4.0,1.3599999999999999,0.08
Fortaleza,JARDIM DAS OLIVEIRAS,20,6.0,2.04,0.12
Fortaleza,JARDIM DAS OLIVEIRAS,21,4.0,1.3599999999999999,0.08
Fortaleza,JARDIM DAS OLIVEIRAS,22,6.0,2.04,0.12
Fortaleza,JARDIM DAS OLIVEIRAS,23,3.0,1.02,0.06
Fortaleza,JARDIM GUANABARA,2,1.0,0.8888888888888888,0.1111111111111111
Fortaleza,JARDIM GUANABARA,11,1.0,0.8888888888888888,0.1111111111111111
Fortaleza,JARDIM GUANABARA,12,1.0,0.8888888888888888,0.1111111111111111
Fortaleza,JARDIM GUANABARA,13,1.0,0.8888888888888888,0.1111111111111111
Fortaleza,JARDIM GUANABARA,14,2.0,1.7777777777777777,0.2222222222222222
Fortaleza,JARDIM GUANABARA,15,1.0,0.8888888888888888,0.1111111111111111
Fortaleza,JARDIM GUANABARA,20,1.0,0.8888888888888888,0.1111111111111111
Fortaleza,JARDIM GUANABARA,22,1.0,0.8888888888888888,0.1111111111111111
Fortaleza,JARDIM IRACEMA,0,2.0,1.2999999999999998,0.1
Fortaleza,JARDIM IRACEMA,3,1.0,0.6499999999999999,0.05
Fortaleza,JARDIM IRACEMA,6,2.0,1.2999999999999998,0.1
Fortaleza,JARDIM IRACEMA,10,1.0,0.6499999999999999,0.05
Fortaleza,JARDIM IRACEMA,11,1.0,0.6499999999999999,0.05
Fortaleza,JARDIM IRACEMA,12,1.0,0.6499999999999999,0.05
Fortaleza,JARDIM IRACEMA,13,2.0,1.2999999999999998,0.1
Fortaleza,JARDIM IRACEMA,16,1.0,0.6499999999999999,0.05
Fortaleza,JARDIM IRACEMA,18,2.0,1.2999999999999998,0.1
Fortaleza,JARDIM IRACEMA,19,2.0,1.2999999999999998,0.1
Fortaleza,JARDIM IRACEMA,20,2.0,1.2999999999999998,0.1
Fortaleza,JARDIM IRACEMA,21,2.0,1.2999999999999998,0.1
Fortaleza,JARDIM IRACEMA,23,1.0,0.6499999999999999,0.05
Fortaleza,JOAQUIM TÁVORA,0,1.0,0.7,0.1
Fortaleza,JOAQUIM TÁVORA,5,1.0,0.7,0.1
Fortaleza,JOAQUIM TÁVORA,10,1.0,0.7,0.1
Fortaleza,JOAQUIM TÁVORA,12,1.0,0.7,0.1
Fortaleza,JOAQUIM TÁVORA,17,2.0,1.4,0.2
Fortaleza,JOAQUIM TÁVORA,18,1.0,0.7,0.1
Fortaleza,JOAQUIM TÁVORA,22,3.0,2.1,0.3
Fortaleza,JOSÉ BONIFÁCIO,9,1.0,0.7272727272727273,0.09090909090909091
Fortaleza,JOSÉ BONIFÁCIO,11,1.0,0.7272727272727273,0.09090909090909091
Fortaleza,JOSÉ BONIFÁCIO,13,3.0,2.1818181818181817,0.2727272727272727
Fortaleza,JOSÉ BONIFÁCIO,16,1.0,0.7272727272727273,0.09090909090909091
Fortaleza,JOSÉ BONIFÁCIO,17,2.0,1.4545454545454546,0.18181818181818182
Fortaleza,JOSÉ BONIFÁCIO,19,1.0,0.7272727272727273,0.09090909090909091
Fortaleza,JOSÉ BONIFÁCIO,22,1.0,0.7272727272727273,0.09090909090909091
Fortaleza,JOSÉ BONIFÁCIO,23,1.0,0.7272727272727273,0.09090909090909091
Fortaleza,JOSÉ DE ALENCAR,0,1.0,0.5675675675675675,0.02702702702702703
Fortaleza,JOSÉ DE ALENCAR,1,2.0,1.135135135135135,0.05405405405405406
Fortaleza,JOSÉ DE ALENCAR,2,1.0,0.5675675675675675,0.02702702702702703
Fortaleza,JOSÉ DE ALENCAR,3,1.0,0.5675675675675675,0.02702702702702703
Fortaleza,JOSÉ DE ALENCAR,4,3.0,1.7027027027027029,0.08108108108108109
Fortaleza,JOSÉ DE ALENCAR,5,1.0,0.5675675675675675,0.02702702702702703
Fortaleza,JOSÉ DE ALENCAR,6,1.0,0.5675675675675675,0.02702702702702703
Fortaleza,JOSÉ DE ALENCAR,7,1.0,0.5675675675675675,0.02702702702702703
Fortaleza,JOSÉ DE ALENCAR,9,1.0,0.5675675675675675,0.02702702702702703
Fortaleza,JOSÉ DE ALENCAR,10,2.0,1.135135135135135,0.05405405405405406
Fortaleza,JOSÉ DE ALENCAR,11,2.0,1.135135135135135,0.05405405405405406
Fortaleza,JOSÉ DE ALENCAR,12,2.0,1.135135135135135,0.05405405405405406
Fortaleza,JOSÉ DE ALENCAR,13,5.0,2.8378378378378377,0.13513513513513514
Fortaleza,JOSÉ DE ALENCAR,14,5.0,2.8378378378378377,0.13513513513513514
Fortaleza,JOSÉ DE ALENCAR,15,1.0,0.5675675675675675,0.02702702702702703
Fortaleza,JOSÉ DE ALENCAR,16,2.0,1.135135135135135,0.05405405405405406
Fortaleza,JOSÉ DE ALENCAR,18,1.0,0.5675675675675675,0.02702702702702703
Fortaleza,JOSÉ DE ALENCAR,19,2.0,1.135135135135135,0.05405405405405406
Fortaleza,JOSÉ DE ALENCAR,20,1.0,0.5675675675675675,0.02702702702702703
Fortaleza,JOSÉ DE ALENCAR,21,1.0,0.5675675675675675,0.02702702702702703
Fortaleza,JOSÉ DE ALENCAR,22,1.0,0.5675675675675675,0.02702702702702703
Fortaleza,JOÃO XXIII,0,1.0,0.7,0.1
Fortaleza,JOÃO XXIII,8,1.0,0.7,0.1
Fortaleza,JOÃO XXIII,11,2.0,1.4,0.2
Fortaleza,JOÃO XXIII,18,1.0,0.7,0.1
Fortaleza,JOÃO XXIII,19,1.0,0.7,0.1
Fortaleza,JOÃO XXIII,21,1.0,0.7,0.1
Fortaleza,JOÃO XXIII,23,3.0,2.1,0.3
Fortaleza,JÓQUEI CLUBE,7,3.0,2.0,0.25
Fortaleza,JÓQUEI CLUBE,9,1.0,0.6666666666666666,0.08333333333333333
Fortaleza,JÓQUEI CLUBE,10,1.0,0.6666666666666666,0.08333333333333333
Fortaleza,JÓQUEI CLUBE,15,1.0,0.6666666666666666,0.08333333333333333
Fortaleza,JÓQUEI CLUBE,20,3.0,2.0,0.25
Fortaleza,JÓQUEI CLUBE,21,1.0,0.6666666666666666,0.08333333333333333
Fortaleza,JÓQUEI CLUBE,22,1.0,0.6666666666666666,0.08333333333333333
Fortaleza,JÓQUEI CLUBE,23,1.0,0.6666666666666666,0.08333333333333333
Fortaleza,LAGOA REDONDA,1,3.0,1.1320754716981132,0.05660377358490566
Fortaleza,LAGOA REDONDA,2,2.0,0.7547169811320755,0.03773584905660377
Fortaleza,LAGOA REDONDA,4,3.0,1.1320754716981132,0.05660377358490566
Fortaleza,LAGOA REDONDA,6,1.0,0.37735849056603776,0.018867924528301886
Fortaleza,LAGOA REDONDA,7,1.0,0.37735849056603776,0.018867924528301886
Fortaleza,LAGOA REDONDA,9,3.0,1.1320754716981132,0.05660377358490566
Fortaleza,LAGOA REDONDA,10,1.0,0.37735849056603776,0.018867924528301886
Fortaleza,LAGOA REDONDA,11,1.0,0.37735849056603776,0.018867924528301886
Fortaleza,LAGOA REDONDA,12,7.0,2.6415094339622645,0.1320754716981132
Fortaleza,LAGOA REDONDA,13,3.0,1.1320754716981132,0.05660377358490566
Fortaleza,LAGOA REDONDA,14,2.0,0.7547169811320755,0.03773584905660377
Fortaleza,LAGOA REDONDA,15,3.0,1.1320754716981132,0.05660377358490566
Fortaleza,LAGOA REDONDA,16,2.0,0.7547169811320755,0.03773584905660377
Fortaleza,LAGOA REDONDA,17,5.0,1.8867924528301887,0.09433962264150944
Fortaleza,LAGOA REDONDA,18,2.0,0.7547169811320755,0.03773584905660377
Fortaleza,LAGOA REDONDA,19,3.0,1.1320754716981132,0.05660377358490566
Fortaleza,LAGOA REDONDA,20,4.0,1.509433962264151,0.07547169811320754
Fortaleza,LAGOA REDONDA,21,2.0,0.7547169811320755,0.03773584905660377
Fortaleza,LAGOA REDONDA,22,4.0,1.509433962264151,0.07547169811320754
Fortaleza,LAGOA REDONDA,23,1.0,0.37735849056603776,0.018867924528301886
Fortaleza,MANOEL SÁTIRO,5,2.0,1.0434782608695652,0.08695652173913043
Fortaleza,MANOEL SÁTIRO,6,2.0,1.0434782608695652,0.08695652173913043
Fortaleza,MANOEL SÁTIRO,7,2.0,1.0434782608695652,0.08695652173913043
Fortaleza,MANOEL SÁTIRO,11,1.0,0.5217391304347826,0.043478260869565216
Fortaleza,MANOEL SÁTIRO,13,2.0,1.0434782608695652,0.08695652173913043
Fortaleza,MANOEL SÁTIRO,14,1.0,0.5217391304347826,0.043478260869565216
Fortaleza,MANOEL SÁTIRO,15,1.0,0.5217391304347826,0.043478260869565216
Fortaleza,MANOEL SÁTIRO,16,4.0,2.0869565217391304,0.17391304347826086
Fortaleza,MANOEL SÁTIRO,17,1.0,0.5217391304347826,0.043478260869565216
Fortaleza,MANOEL SÁTIRO,19,3.0,1.5652173913043477,0.13043478260869565
Fortaleza,MANOEL SÁTIRO,20,2.0,1.0434782608695652,0.08695652173913043
Fortaleza,MANOEL SÁTIRO,21,2.0,1.0434782608695652,0.08695652173913043
Fortaleza,MANUEL DIAS BRANCO,1,1.0,0.7857142857142857,0.07142857142857142
Fortaleza,MANUEL DIAS BRANCO,5,1.0,0.7857142857142857,0.07142857142857142
Fortaleza,MANUEL DIAS BRANCO,6,1.0,0.7857142857142857,0.07142857142857142
Fortaleza,MANUEL DIAS BRANCO,9,1.0,0.7857142857142857,0.07142857142857142
Fortaleza,MANUEL DIAS BRANCO,11,1.0,0.7857142857142857,0.07142857142857142
Fortaleza,MANUEL DIAS BRANCO,13,2.0,1.5714285714285714,0.14285714285714285
Fortaleza,MANUEL DIAS BRANCO,16,1.0,0.7857142857142857,0.07142857142857142
Fortaleza,MANUEL DIAS BRANCO,17,1.0,0.7857142857142857,0.07142857142857142
Fortaleza,MANUEL DIAS BRANCO,18,2.0,1.5714285714285714,0.14285714285714285
Fortaleza,MANUEL DIAS BRANCO,19,2.0,1.5714285714285714,0.14285714285714285
Fortaleza,MANUEL DIAS BRANCO,20,1.0,0.7857142857142857,0.07142857142857142
Fortaleza,MARAPONGA,2,2.0,1.4666666666666668,0.13333333333333333
Fortaleza,MARAPONGA,5,1.0,0.7333333333333334,0.06666666666666667
Fortaleza,MARAPONGA,6,1.0,0.7333333333333334,0.06666666666666667
Fortaleza,MARAPONGA,8,1.0,0.7333333333333334,0.06666666666666667
Fortaleza,MARAPONGA,9,1.0,0.7333333333333334,0.06666666666666667
Fortaleza,MARAPONGA,10,2.0,1.4666666666666668,0.13333333333333333
Fortaleza,MARAPONGA,12,1.0,0.7333333333333334,0.06666666666666667
Fortaleza,MARAPONGA,18,1.0,0.7333333333333334,0.06666666666666667
Fortaleza,MARAPONGA,19,2.0,1.4666666666666668,0.13333333333333333
Fortaleza,MARAPONGA,21,1.0,0.7333333333333334,0.06666666666666667
Fortaleza,MARAPONGA,23,2.0,1.4666666666666668,0.13333333333333333
Fortaleza,MEIRELES,0,2.0,1.7142857142857142,0.2857142857142857
Fortaleza,MEIRELES,4,1.0,0.8571428571428571,0.14285714285714285
Fortaleza,MEIRELES,8,1.0,0.8571428571428571,0.14285714285714285
Fortaleza,MEIRELES,10,1.0,0.8571428571428571,0.14285714285714285
Fortaleza,MEIRELES,19,1.0,0.8571428571428571,0.14285714285714285
Fortaleza,MEIRELES,22,1.0,0.8571428571428571,0.14285714285714285
Fortaleza,MESSEJANA,0,5.0,1.0810810810810811,0.04504504504504504
Fortaleza,MESSEJANA,1,1.0,0.21621621621621623,0.009009009009009009
Fortaleza,MESSEJANA,2,3.0,0.6486486486486487,0.02702702702702703
Fortaleza,MESSEJANA,3,4.0,0.8648648648648649,0.036036036036036036
Fortaleza,MESSEJANA,4,3.0,0.6486486486486487,0.02702702702702703
Fortaleza,MESSEJANA,5,1.0,0.21621621621621623,0.009009009009009009
Fortaleza,MESSEJANA,6,2.0,0.43243243243243246,0.018018018018018018
Fortaleza,MESSEJANA,7,3.0,0.6486486486486487,0.02702702702702703
Fortaleza,MESSEJANA,8,4.0,0.8648648648648649,0.036036036036036036
Fortaleza,MESSEJANA,9,1.0,0.21621621621621623,0.009009009009009009
Fortaleza,MESSEJANA,10,3.0,0.6486486486486487,0.02702702702702703
Fortaleza,MESSEJANA,11,2.0,0.43243243243243246,0.018018018018018018
Fortaleza,MESSEJANA,12,6.0,1.2972972972972974,0.05405405405405406
Fortaleza,MESSEJANA,13,3.0,0.6486486486486487,0.02702702702702703
Fortaleza,MESSEJANA,14,3.0,0.6486486486486487,0.02702702702702703
Fortaleza,MESSEJANA,15,4.0,0.8648648648648649,0.036036036036036036
Fortaleza,MESSEJANA,16,8.0,1.7297297297297298,0.07207207207207207
Fortaleza,MESSEJANA,17,10.0,2.1621621621621623,0.09009009009009009
Fortaleza,MESSEJANA,18,8.0,1.7297297297297298,0.07207207207207207
Fortaleza,MESSEJANA,19,8.0,1.7297297297297298,0.07207207207207207
Fortaleza,MESSEJANA,20,11.0,2.3783783783783785,0.0990990990990991
Fortaleza,MESSEJANA,21,8.0,1.7297297297297298,0.07207207207207207
Fortaleza,MESSEJANA,22,7.0,1.5135135135135136,0.06306306306306306
Fortaleza,MESSEJANA,23,3.0,0.6486486486486487,0.02702702702702703
Fortaleza,MONDUBIM,0,3.0,0.88,0.04
Fortaleza,MONDUBIM,1,5.0,1.4666666666666666,0.06666666666666667
Fortaleza,MONDUBIM,2,3.0,0.88,0.04
Fortaleza,MONDUBIM,3,1.0,0.29333333333333333,0.013333333333333334
Fortaleza,MONDUBIM,4,2.0,0.5866666666666667,0.02666666666666667
Fortaleza,MONDUBIM,6,2.0,0.5866666666666667,0.02666666666666667
Fortaleza,MONDUBIM,7,2.0,0.5866666666666667,0.02666666666666667
Fortaleza,MONDUBIM,8,2.0,0.5866666666666667,0.02666666666666667
Fortaleza,MONDUBIM,9,1.0,0.29333333333333333,0.013333333333333334
Fortaleza,MONDUBIM,10,5.0,1.4666666666666666,0.06666666666666667
Fortaleza,MONDUBIM,11,1.0,0.29333333333333333,0.013333333333333334
Fortaleza,MONDUBIM,12,3.0,0.88,0.04
Fortaleza,MONDUBIM,13,3.0,0.88,0.04
Fortaleza,MONDUBIM,14,5.0,1.4666666666666666,0.06666666666666667
Fortaleza,MONDUBIM,15,4.0,1.1733333333333333,0.05333333333333334
Fortaleza,MONDUBIM,16,1.0,0.29333333333333333,0.013333333333333334
Fortaleza,MONDUBIM,17,5.0,1.4666666666666666,0.06666666666666667
Fortaleza,MONDUBIM,18,2.0,0.5866666666666667,0.02666666666666667
Fortaleza,MONDUBIM,19,6.0,1.76,0.08
Fortaleza,MONDUBIM,20,8.0,2.3466666666666667,0.10666666666666667
Fortaleza,MONDUBIM,21,9.0,2.64,0.12
Fortaleza,MONDUBIM,22,2.0,0.5866666666666667,0.02666666666666667
Fortaleza,MONTE CASTELO,8,1.0,1.0,0.5
Fortaleza,MONTE CASTELO,13,1.0,1.0,0.5
Fortaleza,MONTESE,1,1.0,0.6666666666666666,0.1111111111111111
Fortaleza,MONTESE,3,1.0,0.6666666666666666,0.1111111111111111
Fortaleza,MONTESE,13,2.0,1.3333333333333333,0.2222222222222222
Fortaleza,MONTESE,14,2.0,1.3333333333333333,0.2222222222222222
Fortaleza,MONTESE,16,1.0,0.6666666666666666,0.1111111111111111
Fortaleza,MONTESE,19,2.0,1.3333333333333333,0.2222222222222222
Fortaleza,MOURA BRASIL,0,1.0,0.9090909090909091,0.09090909090909091
Fortaleza,MOURA BRASIL,1,1.0,0.9090909090909091,0.09090909090909091
Fortaleza,MOURA BRASIL,5,1.0,0.9090909090909091,0.09090909090909091
Fortaleza,MOURA BRASIL,6,2.0,1.8181818181818181,0.18181818181818182
Fortaleza,MOURA BRASIL,9,1.0,0.9090909090909091,0.09090909090909091
Fortaleza,MOURA BRASIL,11,1.0,0.9090909090909091,0.09090909090909091
Fortaleza,MOURA BRASIL,16,1.0,0.9090909090909091,0.09090909090909091
Fortaleza,MOURA BRASIL,17,1.0,0.9090909090909091,0.09090909090909091
Fortaleza,MOURA BRASIL,18,1.0,0.9090909090909091,0.09090909090909091
Fortaleza,MOURA BRASIL,22,1.0,0.9090909090909091,0.09090909090909091
Fortaleza,MUCURIPE,3,1.0,0.7142857142857143,0.14285714285714285
Fortaleza,MUCURIPE,5,1.0,0.7142857142857143,0.14285714285714285
Fortaleza,MUCURIPE,6,1.0,0.7142857142857143,0.14285714285714285
Fortaleza,MUCURIPE,16,3.0,2.142857142857143,0.42857142857142855
Fortaleza,MUCURIPE,21,1.0,0.7142857142857143,0.14285714285714285
Fortaleza,NOVO MONDUBIM,1,1.0,0.5652173913043479,0.043478260869565216
Fortaleza,NOVO MONDUBIM,2,1.0,0.5652173913043479,0.043478260869565216
Fortaleza,NOVO MONDUBIM,6,1.0,0.5652173913043479,0.043478260869565216
Fortaleza,NOVO MONDUBIM,12,1.0,0.5652173913043479,0.043478260869565216
Fortaleza,NOVO MONDUBIM,14,1.0,0.5652173913043479,0.043478260869565216
Fortaleza,NOVO MONDUBIM,15,1.0,0.5652173913043479,0.043478260869565216
Fortaleza,NOVO MONDUBIM,16,3.0,1.6956521739130435,0.13043478260869565
Fortaleza,NOVO MONDUBIM,17,3.0,1.6956521739130435,0.13043478260869565
Fortaleza,NOVO MONDUBIM,18,1.0,0.5652173913043479,0.043478260869565216
Fortaleza,NOVO MONDUBIM,20,3.0,1.6956521739130435,0.13043478260869565
Fortaleza,NOVO MONDUBIM,21,1.0,0.5652173913043479,0.043478260869565216
Fortaleza,NOVO MONDUBIM,22,4.0,2.2608695652173916,0.17391304347826086
Fortaleza,NOVO MONDUBIM,23,2.0,1.1304347826086958,0.08695652173913043
Fortaleza,OLAVO OLIVEIRA,3,1.0,0.7142857142857143,0.07142857142857142
Fortaleza,OLAVO OLIVEIRA,5,2.0,1.4285714285714286,0.14285714285714285
Fortaleza,OLAVO OLIVEIRA,11,2.0,1.4285714285714286,0.14285714285714285
Fortaleza,OLAVO OLIVEIRA,13,1.0,0.7142857142857143,0.07142857142857142
Fortaleza,OLAVO OLIVEIRA,16,1.0,0.7142857142857143,0.07142857142857142
Fortaleza,OLAVO OLIVEIRA,18,2.0,1.4285714285714286,0.14285714285714285
Fortaleza,OLAVO OLIVEIRA,19,2.0,1.4285714285714286,0.14285714285714285
Fortaleza,OLAVO OLIVEIRA,20,1.0,0.7142857142857143,0.07142857142857142
Fortaleza,OLAVO OLIVEIRA,21,1.0,0.7142857142857143,0.07142857142857142
Fortaleza,OLAVO OLIVEIRA,22,1.0,0.7142857142857143,0.07142857142857142
Fortaleza,PADRE ANDRADE,0,1.0,0.6086956521739131,0.043478260869565216
Fortaleza,PADRE ANDRADE,1,2.0,1.2173913043478262,0.08695652173913043
Fortaleza,PADRE ANDRADE,3,2.0,1.2173913043478262,0.08695652173913043
Fortaleza,PADRE ANDRADE,7,1.0,0.6086956521739131,0.043478260869565216
Fortaleza,PADRE ANDRADE,9,1.0,0.6086956521739131,0.043478260869565216
Fortaleza,PADRE ANDRADE,12,3.0,1.8260869565217392,0.13043478260869565
Fortaleza,PADRE ANDRADE,13,1.0,0.6086956521739131,0.043478260869565216
Fortaleza,PADRE ANDRADE,15,3.0,1.8260869565217392,0.13043478260869565
Fortaleza,PADRE ANDRADE,16,2.0,1.2173913043478262,0.08695652173913043
Fortaleza,PADRE ANDRADE,17,2.0,1.2173913043478262,0.08695652173913043
Fortaleza,PADRE ANDRADE,18,1.0,0.6086956521739131,0.043478260869565216
Fortaleza,PADRE ANDRADE,19,2.0,1.2173913043478262,0.08695652173913043
Fortaleza,PADRE ANDRADE,22,1.0,0.6086956521739131,0.043478260869565216
Fortaleza,PADRE ANDRADE,23,1.0,0.6086956521739131,0.043478260869565216
Fortaleza,PANAMERICANO,10,1.0,1.0,0.3333333333333333
Fortaleza,PANAMERICANO,12,1.0,1.0,0.3333333333333333
Fortaleza,PANAMERICANO,13,1.0,1.0,0.3333333333333333
Fortaleza,PAPICU,0,2.0,1.1428571428571428,0.07142857142857142
Fortaleza,PAPICU,1,4.0,2.2857142857142856,0.14285714285714285
Fortaleza,PAPICU,2,1.0,0.5714285714285714,0.03571428571428571
Fortaleza,PAPICU,3,1.0,0.5714285714285714,0.03571428571428571
Fortaleza,PAPICU,4,2.0,1.1428571428571428,0.07142857142857142
Fortaleza,PAPICU,7,2.0,1.1428571428571428,0.07142857142857142
Fortaleza,PAPICU,9,1.0,0.5714285714285714,0.03571428571428571
Fortaleza,PAPICU,12,2.0,1.1428571428571428,0.07142857142857142
Fortaleza,PAPICU,13,2.0,1.1428571428571428,0.07142857142857142
Fortaleza,PAPICU,14,1.0,0.5714285714285714,0.03571428571428571
Fortaleza,PAPICU,17,1.0,0.5714285714285714,0.03571428571428571
Fortaleza,PAPICU,19,1.0,0.5714285714285714,0.03571428571428571
Fortaleza,PAPICU,20,1.0,0.5714285714285714,0.03571428571428571
Fortaleza,PAPICU,21,3.0,1.7142857142857142,0.10714285714285714
Fortaleza,PAPICU,22,2.0,1.1428571428571428,0.07142857142857142
Fortaleza,PAPICU,23,2.0,1.1428571428571428,0.07142857142857142
Fortaleza,PARANGABA,0,1.0,0.8666666666666667,0.06666666666666667
Fortaleza,PARANGABA,1,1.0,0.8666666666666667,0.06666666666666667
Fortaleza,PARANGABA,3,1.0,0.8666666666666667,0.06666666666666667
Fortaleza,PARANGABA,5,1.0,0.8666666666666667,0.06666666666666667
Fortaleza,PARANGABA,7,1.0,0.8666666666666667,0.06666666666666667
Fortaleza,PARANGABA,9,1.0,0.8666666666666667,0.06666666666666667
Fortaleza,PARANGABA,11,1.0,0.8666666666666667,0.06666666666666667
Fortaleza,PARANGABA,14,2.0,1.7333333333333334,0.13333333333333333
Fortaleza,PARANGABA,15,1.0,0.8666666666666667,0.06666666666666667
Fortaleza,PARANGABA,19,2.0,1.7333333333333334,0.13333333333333333
Fortaleza,PARANGABA,20,1.0,0.8666666666666667,0.06666666666666667
Fortaleza,PARANGABA,22,1.0,0.8666666666666667,0.06666666666666667
Fortaleza,PARANGABA,23,1.0,0.8666666666666667,0.06666666666666667
Fortaleza,PARQUE ARAXÁ,12,1.0,1.0,0.5
Fortaleza,PARQUE ARAXÁ,14,1.0,1.0,0.5
Fortaleza,PARQUE DOIS IRMĂOS,0,2.0,1.090909090909091,0.06060606060606061
Fortaleza,PARQUE DOIS IRMĂOS,1,2.0,1.090909090909091,0.06060606060606061
Fortaleza,PARQUE DOIS IRMĂOS,4,2.0,1.090909090909091,0.06060606060606061
Fortaleza,PARQUE DOIS IRMĂOS,5,2.0,1.090909090909091,0.06060606060606061
Fortaleza,PARQUE DOIS IRMĂOS,6,2.0,1.090909090909091,0.06060606060606061
Fortaleza,PARQUE DOIS IRMĂOS,10,2.0,1.090909090909091,0.06060606060606061
Fortaleza,PARQUE DOIS IRMĂOS,11,1.0,0.5454545454545455,0.030303030303030304
Fortaleza,PARQUE DOIS IRMĂOS,12,3.0,1.6363636363636365,0.09090909090909091
Fortaleza,PARQUE DOIS IRMĂOS,13,2.0,1.090909090909091,0.06060606060606061
Fortaleza,PARQUE DOIS IRMĂOS,14,1.0,0.5454545454545455,0.030303030303030304
Fortaleza,PARQUE DOIS IRMĂOS,16,2.0,1.090909090909091,0.06060606060606061
Fortaleza,PARQUE DOIS IRMĂOS,17,1.0,0.5454545454545455,0.030303030303030304
Fortaleza,PARQUE DOIS IRMĂOS,18,1.0,0.5454545454545455,0.030303030303030304
Fortaleza,PARQUE DOIS IRMĂOS,19,1.0,0.5454545454545455,0.030303030303030304
Fortaleza,PARQUE DOIS IRMĂOS,20,4.0,2.181818181818182,0.12121212121212122
Fortaleza,PARQUE DOIS IRMĂOS,21,1.0,0.5454545454545455,0.030303030303030304
Fortaleza,PARQUE DOIS IRMĂOS,22,1.0,0.5454545454545455,0.030303030303030304
Fortaleza,PARQUE DOIS IRMĂOS,23,3.0,1.6363636363636365,0.09090909090909091
Fortaleza,PARQUE IRACEMA,1,1.0,0.75,0.08333333333333333
Fortaleza,PARQUE IRACEMA,11,1.0,0.75,0.08333333333333333
Fortaleza,PARQUE IRACEMA,13,1.0,0.75,0.08333333333333333
Fortaleza,PARQUE IRACEMA,16,1.0,0.75,0.08333333333333333
Fortaleza,PARQUE IRACEMA,17,1.0,0.75,0.08333333333333333
Fortaleza,PARQUE IRACEMA,19,2.0,1.5,0.16666666666666666
Fortaleza,PARQUE IRACEMA,20,3.0,2.25,0.25
Fortaleza,PARQUE IRACEMA,21,1.0,0.75,0.08333333333333333
Fortaleza,PARQUE IRACEMA,22,1.0,0.75,0.08333333333333333
Fortaleza,PARQUE MANIBURA,9,1.0,1.0,0.16666666666666666
Fortaleza,PARQUE MANIBURA,14,1.0,1.0,0.16666666666666666
Fortaleza,PARQUE MANIBURA,16,1.0,1.0,0.16666666666666666
Fortaleza,PARQUE MANIBURA,20,1.0,1.0,0.16666666666666666
Fortaleza,PARQUE MANIBURA,22,1.0,1.0,0.16666666666666666
Fortaleza,PARQUE MANIBURA,23,1.0,1.0,0.16666666666666666
Fortaleza,PARQUE PRESIDENTE VARGAS,1,1.0,0.9166666666666667,0.08333333333333333
Fortaleza,PARQUE PRESIDENTE VARGAS,7,1.0,0.9166666666666667,0.08333333333333333
Fortaleza,PARQUE PRESIDENTE VARGAS,8,1.0,0.9166666666666667,0.08333333333333333
Fortaleza,PARQUE PRESIDENTE VARGAS,12,1.0,0.9166666666666667,0.08333333333333333
Fortaleza,PARQUE PRESIDENTE VARGAS,13,1.0,0.9166666666666667,0.08333333333333333
Fortaleza,PARQUE PRESIDENTE VARGAS,15,1.0,0.9166666666666667,0.08333333333333333
Fortaleza,PARQUE PRESIDENTE VARGAS,16,1.0,0.9166666666666667,0.08333333333333333
Fortaleza,PARQUE PRESIDENTE VARGAS,17,1.0,0.9166666666666667,0.08333333333333333
Fortaleza,PARQUE PRESIDENTE VARGAS,19,1.0,0.9166666666666667,0.08333333333333333
Fortaleza,PARQUE PRESIDENTE VARGAS,20,2.0,1.8333333333333335,0.16666666666666666
Fortaleza,PARQUE PRESIDENTE VARGAS,21,1.0,0.9166666666666667,0.08333333333333333
Fortaleza,PARQUE SANTA MARIA,2,1.0,0.6,0.05
Fortaleza,PARQUE SANTA MARIA,8,1.0,0.6,0.05
Fortaleza,PARQUE SANTA MARIA,12,1.0,0.6,0.05
Fortaleza,PARQUE SANTA MARIA,13,1.0,0.6,0.05
Fortaleza,PARQUE SANTA MARIA,14,1.0,0.6,0.05
Fortaleza,PARQUE SANTA MARIA,15,1.0,0.6,0.05
Fortaleza,PARQUE SANTA MARIA,16,2.0,1.2,0.1
Fortaleza,PARQUE SANTA MARIA,18,1.0,0.6,0.05
Fortaleza,PARQUE SANTA MARIA,19,2.0,1.2,0.1
Fortaleza,PARQUE SANTA MARIA,20,2.0,1.2,0.1
Fortaleza,PARQUE SANTA MARIA,21,3.0,1.7999999999999998,0.15
Fortaleza,PARQUE SANTA MARIA,22,4.0,2.4,0.2
Fortaleza,PARQUE SANTA ROSA,5,1.0,0.6666666666666666,0.1111111111111111
Fortaleza,PARQUE SANTA ROSA,10,1.0,0.6666666666666666,0.1111111111111111
Fortaleza,PARQUE SANTA ROSA,14,1.0,0.6666666666666666,0.1111111111111111
Fortaleza,PARQUE SANTA ROSA,16,3.0,2.0,0.3333333333333333
Fortaleza,PARQUE SANTA ROSA,19,2.0,1.3333333333333333,0.2222222222222222
Fortaleza,PARQUE SANTA ROSA,21,1.0,0.6666666666666666,0.1111111111111111
Fortaleza,PARQUE SĂO JOSÉ,0,1.0,0.64,0.04
Fortaleza,PARQUE SĂO JOSÉ,1,2.0,1.28,0.08
Fortaleza,PARQUE SĂO JOSÉ,3,1.0,0.64,0.04
Fortaleza,PARQUE SĂO JOSÉ,4,2.0,1.28,0.08
Fortaleza,PARQUE SĂO JOSÉ,5,2.0,1.28,0.08
Fortaleza,PARQUE SĂO JOSÉ,6,1.0,0.64,0.04
Fortaleza,PARQUE SĂO JOSÉ,7,1.0,0.64,0.04
Fortaleza,PARQUE SĂO JOSÉ,9,1.0,0.64,0.04
Fortaleza,PARQUE SĂO JOSÉ,11,2.0,1.28,0.08
Fortaleza,PARQUE SĂO JOSÉ,14,1.0,0.64,0.04
Fortaleza,PARQUE SĂO JOSÉ,16,1.0,0.64,0.04
Fortaleza,PARQUE SĂO JOSÉ,19,2.0,1.28,0.08
Fortaleza,PARQUE SĂO JOSÉ,20,2.0,1.28,0.08
Fortaleza,PARQUE SĂO JOSÉ,21,4.0,2.56,0.16
Fortaleza,PARQUE SĂO JOSÉ,22,1.0,0.64,0.04
Fortaleza,PARQUE SĂO JOSÉ,23,1.0,0.64,0.04
Fortaleza,PARQUELÂNDIA,5,1.0,0.75,0.25
Fortaleza,PARQUELÂNDIA,20,2.0,1.5,0.5
Fortaleza,PARQUELÂNDIA,21,1.0,0.75,0.25
Fortaleza,PARREÃO,13,1.0,0.8,0.2
Fortaleza,PARREÃO,15,1.0,0.8,0.2
Fortaleza,PARREÃO,19,2.0,1.6,0.4
Fortaleza,PARREÃO,20,1.0,0.8,0.2
Fortaleza,PASSARÉ,1,1.0,0.32307692307692304,0.015384615384615385
Fortaleza,PASSARÉ,3,1.0,0.32307692307692304,0.015384615384615385
Fortaleza,PASSARÉ,4,1.0,0.32307692307692304,0.015384615384615385
Fortaleza,PASSARÉ,6,3.0,0.9692307692307692,0.046153846153846156
Fortaleza,PASSARÉ,7,2.0,0.6461538461538461,0.03076923076923077
Fortaleza,PASSARÉ,8,3.0,0.9692307692307692,0.046153846153846156
Fortaleza,PASSARÉ,9,1.0,0.32307692307692304,0.015384615384615385
Fortaleza,PASSARÉ,10,3.0,0.9692307692307692,0.046153846153846156
Fortaleza,PASSARÉ,11,3.0,0.9692307692307692,0.046153846153846156
Fortaleza,PASSARÉ,12,3.0,0.9692307692307692,0.046153846153846156
Fortaleza,PASSARÉ,13,7.0,2.2615384615384615,0.1076923076923077
Fortaleza,PASSARÉ,14,2.0,0.6461538461538461,0.03076923076923077
Fortaleza,PASSARÉ,15,4.0,1.2923076923076922,0.06153846153846154
Fortaleza,PASSARÉ,16,3.0,0.9692307692307692,0.046153846153846156
Fortaleza,PASSARÉ,17,1.0,0.32307692307692304,0.015384615384615385
Fortaleza,PASSARÉ,18,7.0,2.2615384615384615,0.1076923076923077
Fortaleza,PASSARÉ,19,4.0,1.2923076923076922,0.06153846153846154
Fortaleza,PASSARÉ,20,1.0,0.32307692307692304,0.015384615384615385
Fortaleza,PASSARÉ,21,5.0,1.6153846153846154,0.07692307692307693
Fortaleza,PASSARÉ,22,8.0,2.5846153846153843,0.12307692307692308
Fortaleza,PASSARÉ,23,2.0,0.6461538461538461,0.03076923076923077
Fortaleza,PAUPINA,0,1.0,0.3902439024390244,0.024390243902439025
Fortaleza,PAUPINA,1,2.0,0.7804878048780488,0.04878048780487805
Fortaleza,PAUPINA,6,3.0,1.170731707317073,0.07317073170731707
Fortaleza,PAUPINA,7,5.0,1.951219512195122,0.12195121951219512
Fortaleza,PAUPINA,10,1.0,0.3902439024390244,0.024390243902439025
Fortaleza,PAUPINA,11,1.0,0.3902439024390244,0.024390243902439025
Fortaleza,PAUPINA,12,2.0,0.7804878048780488,0.04878048780487805
Fortaleza,PAUPINA,13,6.0,2.341463414634146,0.14634146341463414
Fortaleza,PAUPINA,14,2.0,0.7804878048780488,0.04878048780487805
Fortaleza,PAUPINA,15,3.0,1.170731707317073,0.07317073170731707
Fortaleza,PAUPINA,17,3.0,1.170731707317073,0.07317073170731707
Fortaleza,PAUPINA,18,3.0,1.170731707317073,0.07317073170731707
Fortaleza,PAUPINA,19,3.0,1.170731707317073,0.07317073170731707
Fortaleza,PAUPINA,20,2.0,0.7804878048780488,0.04878048780487805
Fortaleza,PAUPINA,21,2.0,0.7804878048780488,0.04878048780487805
Fortaleza,PAUPINA,23,2.0,0.7804878048780488,0.04878048780487805
Fortaleza,PEDRAS,2,2.0,1.1851851851851851,0.07407407407407407
Fortaleza,PEDRAS,5,1.0,0.5925925925925926,0.037037037037037035
Fortaleza,PEDRAS,7,5.0,2.962962962962963,0.18518518518518517
Fortaleza,PEDRAS,8,2.0,1.1851851851851851,0.07407407407407407
Fortaleza,PEDRAS,9,1.0,0.5925925925925926,0.037037037037037035
Fortaleza,PEDRAS,10,1.0,0.5925925925925926,0.037037037037037035
Fortaleza,PEDRAS,12,2.0,1.1851851851851851,0.07407407407407407
Fortaleza,PEDRAS,13,1.0,0.5925925925925926,0.037037037037037035
Fortaleza,PEDRAS,15,1.0,0.5925925925925926,0.037037037037037035
Fortaleza,PEDRAS,16,2.0,1.1851851851851851,0.07407407407407407
Fortaleza,PEDRAS,18,1.0,0.5925925925925926,0.037037037037037035
Fortaleza,PEDRAS,19,2.0,1.1851851851851851,0.07407407407407407
Fortaleza,PEDRAS,20,2.0,1.1851851851851851,0.07407407407407407
Fortaleza,PEDRAS,21,1.0,0.5925925925925926,0.037037037037037035
Fortaleza,PEDRAS,22,2.0,1.1851851851851851,0.07407407407407407
Fortaleza,PEDRAS,23,1.0,0.5925925925925926,0.037037037037037035
Fortaleza,PICI,0,3.0,1.125,0.05357142857142857
Fortaleza,PICI,1,1.0,0.375,0.017857142857142856
Fortaleza,PICI,4,2.0,0.75,0.03571428571428571
Fortaleza,PICI,5,1.0,0.375,0.017857142857142856
Fortaleza,PICI,6,1.0,0.375,0.017857142857142856
Fortaleza,PICI,7,1.0,0.375,0.017857142857142856
Fortaleza,PICI,8,1.0,0.375,0.017857142857142856
Fortaleza,PICI,9,1.0,0.375,0.017857142857142856
Fortaleza,PICI,11,1.0,0.375,0.017857142857142856
Fortaleza,PICI,12,4.0,1.5,0.07142857142857142
Fortaleza,PICI,13,2.0,0.75,0.03571428571428571
Fortaleza,PICI,14,3.0,1.125,0.05357142857142857
Fortaleza,PICI,15,1.0,0.375,0.017857142857142856
Fortaleza,PICI,16,6.0,2.25,0.10714285714285714
Fortaleza,PICI,17,6.0,2.25,0.10714285714285714
Fortaleza,PICI,18,1.0,0.375,0.017857142857142856
Fortaleza,PICI,19,4.0,1.5,0.07142857142857142
Fortaleza,PICI,20,3.0,1.125,0.05357142857142857
Fortaleza,PICI,21,5.0,1.875,0.08928571428571429
Fortaleza,PICI,22,6.0,2.25,0.10714285714285714
Fortaleza,PICI,23,3.0,1.125,0.05357142857142857
Fortaleza,PIRAMBU,0,2.0,1.0285714285714287,0.05714285714285714
Fortaleza,PIRAMBU,1,2.0,1.0285714285714287,0.05714285714285714
Fortaleza,PIRAMBU,4,1.0,0.5142857142857143,0.02857142857142857
Fortaleza,PIRAMBU,5,1.0,0.5142857142857143,0.02857142857142857
Fortaleza,PIRAMBU,7,1.0,0.5142857142857143,0.02857142857142857
Fortaleza,PIRAMBU,8,1.0,0.5142857142857143,0.02857142857142857
Fortaleza,PIRAMBU,9,1.0,0.5142857142857143,0.02857142857142857
Fortaleza,PIRAMBU,10,2.0,1.0285714285714287,0.05714285714285714
Fortaleza,PIRAMBU,11,1.0,0.5142857142857143,0.02857142857142857
Fortaleza,PIRAMBU,12,1.0,0.5142857142857143,0.02857142857142857
Fortaleza,PIRAMBU,13,3.0,1.542857142857143,0.08571428571428572
Fortaleza,PIRAMBU,14,4.0,2.0571428571428574,0.11428571428571428
Fortaleza,PIRAMBU,15,2.0,1.0285714285714287,0.05714285714285714
Fortaleza,PIRAMBU,17,3.0,1.542857142857143,0.08571428571428572
Fortaleza,PIRAMBU,18,4.0,2.0571428571428574,0.11428571428571428
Fortaleza,PIRAMBU,19,2.0,1.0285714285714287,0.05714285714285714
Fortaleza,PIRAMBU,20,3.0,1.542857142857143,0.08571428571428572
Fortaleza,PIRAMBU,23,1.0,0.5142857142857143,0.02857142857142857
Fortaleza,PLANALTO AYRTON SENNA,0,1.0,0.25806451612903225,0.010752688172043012
Fortaleza,PLANALTO AYRTON SENNA,1,1.0,0.25806451612903225,0.010752688172043012
Fortaleza,PLANALTO AYRTON SENNA,2,4.0,1.032258064516129,0.043010752688172046
Fortaleza,PLANALTO AYRTON SENNA,3,2.0,0.5161290322580645,0.021505376344086023
Fortaleza,PLANALTO AYRTON SENNA,4,1.0,0.25806451612903225,0.010752688172043012
Fortaleza,PLANALTO AYRTON SENNA,5,3.0,0.7741935483870968,0.03225806451612903
Fortaleza,PLANALTO AYRTON SENNA,6,1.0,0.25806451612903225,0.010752688172043012
Fortaleza,PLANALTO AYRTON SENNA,7,1.0,0.25806451612903225,0.010752688172043012
Fortaleza,PLANALTO AYRTON SENNA,8,2.0,0.5161290322580645,0.021505376344086023
Fortaleza,PLANALTO AYRTON SENNA,9,2.0,0.5161290322580645,0.021505376344086023
Fortaleza,PLANALTO AYRTON SENNA,10,5.0,1.2903225806451613,0.053763440860215055
Fortaleza,PLANALTO AYRTON SENNA,11,3.0,0.7741935483870968,0.03225806451612903
Fortaleza,PLANALTO AYRTON SENNA,12,5.0,1.2903225806451613,0.053763440860215055
Fortaleza,PLANALTO AYRTON SENNA,13,9.0,2.3225806451612905,0.0967741935483871
Fortaleza,PLANALTO AYRTON SENNA,14,2.0,0.5161290322580645,0.021505376344086023
Fortaleza,PLANALTO AYRTON SENNA,15,7.0,1.8064516129032258,0.07526881720430108
Fortaleza,PLANALTO AYRTON SENNA,16,8.0,2.064516129032258,0.08602150537634409
Fortaleza,PLANALTO AYRTON SENNA,17,7.0,1.8064516129032258,0.07526881720430108
Fortaleza,PLANALTO AYRTON SENNA,18,5.0,1.2903225806451613,0.053763440860215055
Fortaleza,PLANALTO AYRTON SENNA,19,7.0,1.8064516129032258,0.07526881720430108
Fortaleza,PLANALTO AYRTON SENNA,20,4.0,1.032258064516129,0.043010752688172046
Fortaleza,PLANALTO AYRTON SENNA,21,4.0,1.032258064516129,0.043010752688172046
Fortaleza,PLANALTO AYRTON SENNA,22,3.0,0.7741935483870968,0.03225806451612903
Fortaleza,PLANALTO AYRTON SENNA,23,6.0,1.5483870967741935,0.06451612903225806
Fortaleza,PRAIA DE IRACEMA,5,1.0,1.0,0.14285714285714285
Fortaleza,PRAIA DE IRACEMA,6,1.0,1.0,0.14285714285714285
Fortaleza,PRAIA DE IRACEMA,7,1.0,1.0,0.14285714285714285
Fortaleza,PRAIA DE IRACEMA,17,1.0,1.0,0.14285714285714285
Fortaleza,PRAIA DE IRACEMA,19,1.0,1.0,0.14285714285714285
Fortaleza,PRAIA DE IRACEMA,20,1.0,1.0,0.14285714285714285
Fortaleza,PRAIA DE IRACEMA,21,1.0,1.0,0.14285714285714285
Fortaleza,PRAIA DO FUTURO I,4,1.0,0.7272727272727273,0.09090909090909091
Fortaleza,PRAIA DO FUTURO I,9,1.0,0.7272727272727273,0.09090909090909091
Fortaleza,PRAIA DO FUTURO I,11,2.0,1.4545454545454546,0.18181818181818182
Fortaleza,PRAIA DO FUTURO I,13,1.0,0.7272727272727273,0.09090909090909091
Fortaleza,PRAIA DO FUTURO I,15,3.0,2.1818181818181817,0.2727272727272727
Fortaleza,PRAIA DO FUTURO I,17,1.0,0.7272727272727273,0.09090909090909091
Fortaleza,PRAIA DO FUTURO I,19,1.0,0.7272727272727273,0.09090909090909091
Fortaleza,PRAIA DO FUTURO I,20,1.0,0.7272727272727273,0.09090909090909091
Fortaleza,PRAIA DO FUTURO II,0,1.0,0.45454545454545453,0.022727272727272728
Fortaleza,PRAIA DO FUTURO II,1,1.0,0.45454545454545453,0.022727272727272728
Fortaleza,PRAIA DO FUTURO II,2,1.0,0.45454545454545453,0.022727272727272728
Fortaleza,PRAIA DO FUTURO II,3,1.0,0.45454545454545453,0.022727272727272728
Fortaleza,PRAIA DO FUTURO II,4,3.0,1.3636363636363635,0.06818181818181818
Fortaleza,PRAIA DO FUTURO II,7,1.0,0.45454545454545453,0.022727272727272728
Fortaleza,PRAIA DO FUTURO II,9,1.0,0.45454545454545453,0.022727272727272728
Fortaleza,PRAIA DO FUTURO II,10,3.0,1.3636363636363635,0.06818181818181818
Fortaleza,PRAIA DO FUTURO II,12,2.0,0.9090909090909091,0.045454545454545456
Fortaleza,PRAIA DO FUTURO II,13,1.0,0.45454545454545453,0.022727272727272728
Fortaleza,PRAIA DO FUTURO II,14,1.0,0.45454545454545453,0.022727272727272728
Fortaleza,PRAIA DO FUTURO II,15,1.0,0.45454545454545453,0.022727272727272728
Fortaleza,PRAIA DO FUTURO II,16,4.0,1.8181818181818181,0.09090909090909091
Fortaleza,PRAIA DO FUTURO II,17,2.0,0.9090909090909091,0.045454545454545456
Fortaleza,PRAIA DO FUTURO II,18,2.0,0.9090909090909091,0.045454545454545456
Fortaleza,PRAIA DO FUTURO II,19,4.0,1.8181818181818181,0.09090909090909091
Fortaleza,PRAIA DO FUTURO II,20,6.0,2.727272727272727,0.13636363636363635
Fortaleza,PRAIA DO FUTURO II,21,1.0,0.45454545454545453,0.022727272727272728
Fortaleza,PRAIA DO FUTURO II,22,5.0,2.2727272727272725,0.11363636363636363
Fortaleza,PRAIA DO FUTURO II,23,3.0,1.3636363636363635,0.06818181818181818
Fortaleza,PRECABURA,1,1.0,0.8,0.2
Fortaleza,PRECABURA,5,2.0,1.6,0.4
Fortaleza,PRECABURA,13,1.0,0.8,0.2
Fortaleza,PRECABURA,19,1.0,0.8,0.2
Fortaleza,PREFEITO JOSÉ WALTER,0,2.0,0.4466019417475728,0.019417475728155338
Fortaleza,PREFEITO JOSÉ WALTER,1,4.0,0.8932038834951456,0.038834951456310676
Fortaleza,PREFEITO JOSÉ WALTER,2,1.0,0.2233009708737864,0.009708737864077669
Fortaleza,PREFEITO JOSÉ WALTER,3,3.0,0.6699029126213591,0.02912621359223301
Fortaleza,PREFEITO JOSÉ WALTER,4,3.0,0.6699029126213591,0.02912621359223301
Fortaleza,PREFEITO JOSÉ WALTER,5,1.0,0.2233009708737864,0.009708737864077669
Fortaleza,PREFEITO JOSÉ WALTER,6,2.0,0.4466019417475728,0.019417475728155338
Fortaleza,PREFEITO JOSÉ WALTER,7,6.0,1.3398058252427183,0.05825242718446602
Fortaleza,PREFEITO JOSÉ WALTER,9,6.0,1.3398058252427183,0.05825242718446602
Fortaleza,PREFEITO JOSÉ WALTER,10,7.0,1.5631067961165048,0.06796116504854369
Fortaleza,PREFEITO JOSÉ WALTER,11,2.0,0.4466019417475728,0.019417475728155338
Fortaleza,PREFEITO JOSÉ WALTER,12,4.0,0.8932038834951456,0.038834951456310676
Fortaleza,PREFEITO JOSÉ WALTER,13,7.0,1.5631067961165048,0.06796116504854369
Fortaleza,PREFEITO JOSÉ WALTER,14,6.0,1.3398058252427183,0.05825242718446602
Fortaleza,PREFEITO JOSÉ WALTER,15,6.0,1.3398058252427183,0.05825242718446602
Fortaleza,PREFEITO JOSÉ WALTER,16,5.0,1.116504854368932,0.04854368932038835
Fortaleza,PREFEITO JOSÉ WALTER,17,4.0,0.8932038834951456,0.038834951456310676
Fortaleza,PREFEITO JOSÉ WALTER,18,6.0,1.3398058252427183,0.05825242718446602
Fortaleza,PREFEITO JOSÉ WALTER,19,10.0,2.233009708737864,0.0970873786407767
Fortaleza,PREFEITO JOSÉ WALTER,20,4.0,0.8932038834951456,0.038834951456310676
Fortaleza,PREFEITO JOSÉ WALTER,21,8.0,1.7864077669902911,0.07766990291262135
Fortaleza,PREFEITO JOSÉ WALTER,22,5.0,1.116504854368932,0.04854368932038835
Fortaleza,PREFEITO JOSÉ WALTER,23,1.0,0.2233009708737864,0.009708737864077669
Fortaleza,PRESIDENTE KENNEDY,2,1.0,0.55,0.05
Fortaleza,PRESIDENTE KENNEDY,3,1.0,0.55,0.05
Fortaleza,PRESIDENTE KENNEDY,4,2.0,1.1,0.1
Fortaleza,PRESIDENTE KENNEDY,13,1.0,0.55,0.05
Fortaleza,PRESIDENTE KENNEDY,16,2.0,1.1,0.1
Fortaleza,PRESIDENTE KENNEDY,18,2.0,1.1,0.1
Fortaleza,PRESIDENTE KENNEDY,19,2.0,1.1,0.1
Fortaleza,PRESIDENTE KENNEDY,20,3.0,1.6500000000000001,0.15
Fortaleza,PRESIDENTE KENNEDY,21,2.0,1.1,0.1
Fortaleza,PRESIDENTE KENNEDY,22,2.0,1.1,0.1
Fortaleza,PRESIDENTE KENNEDY,23,2.0,1.1,0.1
Fortaleza,QUINTINO CUNHA,0,2.0,0.7636363636363637,0.03636363636363636
Fortaleza,QUINTINO CUNHA,1,2.0,0.7636363636363637,0.03636363636363636
Fortaleza,QUINTINO CUNHA,2,3.0,1.1454545454545455,0.05454545454545454
Fortaleza,QUINTINO CUNHA,4,1.0,0.38181818181818183,0.01818181818181818
Fortaleza,QUINTINO CUNHA,5,3.0,1.1454545454545455,0.05454545454545454
Fortaleza,QUINTINO CUNHA,6,3.0,1.1454545454545455,0.05454545454545454
Fortaleza,QUINTINO CUNHA,7,1.0,0.38181818181818183,0.01818181818181818
Fortaleza,QUINTINO CUNHA,8,3.0,1.1454545454545455,0.05454545454545454
Fortaleza,QUINTINO CUNHA,9,1.0,0.38181818181818183,0.01818181818181818
Fortaleza,QUINTINO CUNHA,11,2.0,0.7636363636363637,0.03636363636363636
Fortaleza,QUINTINO CUNHA,13,2.0,0.7636363636363637,0.03636363636363636
Fortaleza,QUINTINO CUNHA,14,4.0,1.5272727272727273,0.07272727272727272
Fortaleza,QUINTINO CUNHA,15,2.0,0.7636363636363637,0.03636363636363636
Fortaleza,QUINTINO CUNHA,16,1.0,0.38181818181818183,0.01818181818181818
Fortaleza,QUINTINO CUNHA,17,4.0,1.5272727272727273,0.07272727272727272
Fortaleza,QUINTINO CUNHA,18,6.0,2.290909090909091,0.10909090909090909
Fortaleza,QUINTINO CUNHA,19,2.0,0.7636363636363637,0.03636363636363636
Fortaleza,QUINTINO CUNHA,20,2.0,0.7636363636363637,0.03636363636363636
Fortaleza,QUINTINO CUNHA,21,8.0,3.0545454545454547,0.14545454545454545
Fortaleza,QUINTINO CUNHA,22,2.0,0.7636363636363637,0.03636363636363636
Fortaleza,QUINTINO CUNHA,23,1.0,0.38181818181818183,0.01818181818181818
Fortaleza,RACHEL DE QUEIROZ,1,2.0,1.7142857142857142,0.2857142857142857
Fortaleza,RACHEL DE QUEIROZ,11,1.0,0.8571428571428571,0.14285714285714285
Fortaleza,RACHEL DE QUEIROZ,13,1.0,0.8571428571428571,0.14285714285714285
Fortaleza,RACHEL DE QUEIROZ,17,1.0,0.8571428571428571,0.14285714285714285
Fortaleza,RACHEL DE QUEIROZ,19,1.0,0.8571428571428571,0.14285714285714285
Fortaleza,RACHEL DE QUEIROZ,20,1.0,0.8571428571428571,0.14285714285714285
Fortaleza,RODOLFO TEÓFILO,7,1.0,0.6,0.2
Fortaleza,RODOLFO TEÓFILO,16,2.0,1.2,0.4
Fortaleza,RODOLFO TEÓFILO,17,2.0,1.2,0.4
Fortaleza,SABIAGUABA,0,1.0,1.0,0.1111111111111111
Fortaleza,SABIAGUABA,1,1.0,1.0,0.1111111111111111
Fortaleza,SABIAGUABA,6,1.0,1.0,0.1111111111111111
Fortaleza,SABIAGUABA,10,1.0,1.0,0.1111111111111111
Fortaleza,SABIAGUABA,13,1.0,1.0,0.1111111111111111
Fortaleza,SABIAGUABA,16,1.0,1.0,0.1111111111111111
Fortaleza,SABIAGUABA,17,1.0,1.0,0.1111111111111111
Fortaleza,SABIAGUABA,19,1.0,1.0,0.1111111111111111
Fortaleza,SABIAGUABA,21,1.0,1.0,0.1111111111111111
Fortaleza,SALINAS,3,1.0,1.0,0.3333333333333333
Fortaleza,SALINAS,11,1.0,1.0,0.3333333333333333
Fortaleza,SALINAS,13,1.0,1.0,0.3333333333333333
Fortaleza,SAPIRANGA / COITÉ,7,1.0,0.411764705882353,0.029411764705882353
Fortaleza,SAPIRANGA / COITÉ,10,1.0,0.411764705882353,0.029411764705882353
Fortaleza,SAPIRANGA / COITÉ,12,5.0,2.058823529411765,0.14705882352941177
Fortaleza,SAPIRANGA / COITÉ,13,1.0,0.411764705882353,0.029411764705882353
Fortaleza,SAPIRANGA / COITÉ,14,3.0,1.2352941176470589,0.08823529411764706
Fortaleza,SAPIRANGA / COITÉ,15,4.0,1.647058823529412,0.11764705882352941
Fortaleza,SAPIRANGA / COITÉ,16,1.0,0.411764705882353,0.029411764705882353
Fortaleza,SAPIRANGA / COITÉ,17,2.0,0.823529411764706,0.058823529411764705
Fortaleza,SAPIRANGA / COITÉ,18,3.0,1.2352941176470589,0.08823529411764706
Fortaleza,SAPIRANGA / COITÉ,19,5.0,2.058823529411765,0.14705882352941177
Fortaleza,SAPIRANGA / COITÉ,20,1.0,0.411764705882353,0.029411764705882353
Fortaleza,SAPIRANGA / COITÉ,21,2.0,0.823529411764706,0.058823529411764705
Fortaleza,SAPIRANGA / COITÉ,22,3.0,1.2352941176470589,0.08823529411764706
Fortaleza,SAPIRANGA / COITÉ,23,2.0,0.823529411764706,0.058823529411764705
Fortaleza,SERRINHA,0,2.0,1.4166666666666665,0.08333333333333333
Fortaleza,SERRINHA,1,1.0,0.7083333333333333,0.041666666666666664
Fortaleza,SERRINHA,2,1.0,0.7083333333333333,0.041666666666666664
Fortaleza,SERRINHA,4,1.0,0.7083333333333333,0.041666666666666664
Fortaleza,SERRINHA,5,1.0,0.7083333333333333,0.041666666666666664
Fortaleza,SERRINHA,9,1.0,0.7083333333333333,0.041666666666666664
Fortaleza,SERRINHA,10,1.0,0.7083333333333333,0.041666666666666664
Fortaleza,SERRINHA,12,1.0,0.7083333333333333,0.041666666666666664
Fortaleza,SERRINHA,14,1.0,0.7083333333333333,0.041666666666666664
Fortaleza,SERRINHA,15,2.0,1.4166666666666665,0.08333333333333333
Fortaleza,SERRINHA,16,2.0,1.4166666666666665,0.08333333333333333
Fortaleza,SERRINHA,17,1.0,0.7083333333333333,0.041666666666666664
Fortaleza,SERRINHA,19,2.0,1.4166666666666665,0.08333333333333333
Fortaleza,SERRINHA,20,1.0,0.7083333333333333,0.041666666666666664
Fortaleza,SERRINHA,21,3.0,2.125,0.125
Fortaleza,SERRINHA,22,2.0,1.4166666666666665,0.08333333333333333
Fortaleza,SERRINHA,23,1.0,0.7083333333333333,0.041666666666666664
Fortaleza,SIQUEIRA,0,4.0,1.1851851851851851,0.04938271604938271
Fortaleza,SIQUEIRA,1,1.0,0.2962962962962963,0.012345679012345678
Fortaleza,SIQUEIRA,2,1.0,0.2962962962962963,0.012345679012345678
Fortaleza,SIQUEIRA,3,4.0,1.1851851851851851,0.04938271604938271
Fortaleza,SIQUEIRA,4,3.0,0.8888888888888888,0.037037037037037035
Fortaleza,SIQUEIRA,5,1.0,0.2962962962962963,0.012345679012345678
Fortaleza,SIQUEIRA,6,2.0,0.5925925925925926,0.024691358024691357
Fortaleza,SIQUEIRA,7,1.0,0.2962962962962963,0.012345679012345678
Fortaleza,SIQUEIRA,8,3.0,0.8888888888888888,0.037037037037037035
Fortaleza,SIQUEIRA,9,10.0,2.962962962962963,0.12345679012345678
Fortaleza,SIQUEIRA,10,2.0,0.5925925925925926,0.024691358024691357
Fortaleza,SIQUEIRA,11,1.0,0.2962962962962963,0.012345679012345678
Fortaleza,SIQUEIRA,12,4.0,1.1851851851851851,0.04938271604938271
Fortaleza,SIQUEIRA,13,2.0,0.5925925925925926,0.024691358024691357
Fortaleza,SIQUEIRA,14,3.0,0.8888888888888888,0.037037037037037035
Fortaleza,SIQUEIRA,15,5.0,1.4814814814814814,0.06172839506172839
Fortaleza,SIQUEIRA,16,2.0,0.5925925925925926,0.024691358024691357
Fortaleza,SIQUEIRA,17,4.0,1.1851851851851851,0.04938271604938271
Fortaleza,SIQUEIRA,18,7.0,2.074074074074074,0.08641975308641975
Fortaleza,SIQUEIRA,19,4.0,1.1851851851851851,0.04938271604938271
Fortaleza,SIQUEIRA,20,1.0,0.2962962962962963,0.012345679012345678
Fortaleza,SIQUEIRA,21,4.0,1.1851851851851851,0.04938271604938271
Fortaleza,SIQUEIRA,22,8.0,2.3703703703703702,0.09876543209876543
Fortaleza,SIQUEIRA,23,4.0,1.1851851851851851,0.04938271604938271
Fortaleza,SÃO BENTO,0,2.0,1.1578947368421053,0.10526315789473684
Fortaleza,SÃO BENTO,5,1.0,0.5789473684210527,0.05263157894736842
Fortaleza,SÃO BENTO,7,2.0,1.1578947368421053,0.10526315789473684
Fortaleza,SÃO BENTO,14,1.0,0.5789473684210527,0.05263157894736842
Fortaleza,SÃO BENTO,15,1.0,0.5789473684210527,0.05263157894736842
Fortaleza,SÃO BENTO,16,1.0,0.5789473684210527,0.05263157894736842
Fortaleza,SÃO BENTO,17,1.0,0.5789473684210527,0.05263157894736842
Fortaleza,SÃO BENTO,18,1.0,0.5789473684210527,0.05263157894736842
Fortaleza,SÃO BENTO,19,5.0,2.8947368421052633,0.2631578947368421
Fortaleza,SÃO BENTO,22,2.0,1.1578947368421053,0.10526315789473684
Fortaleza,SÃO BENTO,23,2.0,1.1578947368421053,0.10526315789473684
Fortaleza,SÃO GERARDO,6,1.0,1.0,0.3333333333333333
Fortaleza,SÃO GERARDO,13,1.0,1.0,0.3333333333333333
Fortaleza,SÃO GERARDO,21,1.0,1.0,0.3333333333333333
Fortaleza,SÃO JOÃO DO TAUAPE,3,2.0,1.25,0.125
Fortaleza,SÃO JOÃO DO TAUAPE,8,1.0,0.625,0.0625
Fortaleza,SÃO JOÃO DO TAUAPE,14,3.0,1.875,0.1875
Fortaleza,SÃO JOÃO DO TAUAPE,15,1.0,0.625,0.0625
Fortaleza,SÃO JOÃO DO TAUAPE,16,1.0,0.625,0.0625
Fortaleza,SÃO JOÃO DO TAUAPE,17,2.0,1.25,0.125
Fortaleza,SÃO JOÃO DO TAUAPE,19,3.0,1.875,0.1875
Fortaleza,SÃO JOÃO DO TAUAPE,21,1.0,0.625,0.0625
Fortaleza,SÃO JOÃO DO TAUAPE,22,1.0,0.625,0.0625
Fortaleza,SÃO JOÃO DO TAUAPE,23,1.0,0.625,0.0625
Fortaleza,VARJOTA,0,1.0,0.8333333333333334,0.16666666666666666
Fortaleza,VARJOTA,2,1.0,0.8333333333333334,0.16666666666666666
Fortaleza,VARJOTA,7,1.0,0.8333333333333334,0.16666666666666666
Fortaleza,VARJOTA,11,2.0,1.6666666666666667,0.3333333333333333
Fortaleza,VARJOTA,18,1.0,0.8333333333333334,0.16666666666666666
Fortaleza,VICENTE PINZÓN,0,5.0,1.8103448275862069,0.08620689655172414
Fortaleza,VICENTE PINZÓN,1,2.0,0.7241379310344828,0.034482758620689655
Fortaleza,VICENTE PINZÓN,2,1.0,0.3620689655172414,0.017241379310344827
Fortaleza,VICENTE PINZÓN,3,2.0,0.7241379310344828,0.034482758620689655
Fortaleza,VICENTE PINZÓN,4,2.0,0.7241379310344828,0.034482758620689655
Fortaleza,VICENTE PINZÓN,7,3.0,1.0862068965517242,0.05172413793103448
Fortaleza,VICENTE PINZÓN,8,1.0,0.3620689655172414,0.017241379310344827
Fortaleza,VICENTE PINZÓN,9,1.0,0.3620689655172414,0.017241379310344827
Fortaleza,VICENTE PINZÓN,11,3.0,1.0862068965517242,0.05172413793103448
Fortaleza,VICENTE PINZÓN,12,3.0,1.0862068965517242,0.05172413793103448
Fortaleza,VICENTE PINZÓN,13,3.0,1.0862068965517242,0.05172413793103448
Fortaleza,VICENTE PINZÓN,14,1.0,0.3620689655172414,0.017241379310344827
Fortaleza,VICENTE PINZÓN,15,2.0,0.7241379310344828,0.034482758620689655
Fortaleza,VICENTE PINZÓN,16,5.0,1.8103448275862069,0.08620689655172414
Fortaleza,VICENTE PINZÓN,17,3.0,1.0862068965517242,0.05172413793103448
Fortaleza,VICENTE PINZÓN,18,2.0,0.7241379310344828,0.034482758620689655
Fortaleza,VICENTE PINZÓN,19,5.0,1.8103448275862069,0.08620689655172414
Fortaleza,VICENTE PINZÓN,20,2.0,0.7241379310344828,0.034482758620689655
Fortaleza,VICENTE PINZÓN,21,2.0,0.7241379310344828,0.034482758620689655
Fortaleza,VICENTE PINZÓN,22,4.0,1.4482758620689655,0.06896551724137931
Fortaleza,VICENTE PINZÓN,23,6.0,2.1724137931034484,0.10344827586206896
Fortaleza,VILA PERI,1,2.0,0.9333333333333333,0.06666666666666667
Fortaleza,VILA PERI,3,1.0,0.4666666666666667,0.03333333333333333
Fortaleza,VILA PERI,4,3.0,1.4000000000000001,0.1
Fortaleza,VILA PERI,5,1.0,0.4666666666666667,0.03333333333333333
Fortaleza,VILA PERI,6,1.0,0.4666666666666667,0.03333333333333333
Fortaleza,VILA PERI,13,1.0,0.4666666666666667,0.03333333333333333
Fortaleza,VILA PERI,15,4.0,1.8666666666666667,0.13333333333333333
Fortaleza,VILA PERI,16,4.0,1.8666666666666667,0.13333333333333333
Fortaleza,VILA PERI,17,2.0,0.9333333333333333,0.06666666666666667
Fortaleza,VILA PERI,18,2.0,0.9333333333333333,0.06666666666666667
Fortaleza,VILA PERI,19,3.0,1.4000000000000001,0.1
Fortaleza,VILA PERI,20,1.0,0.4666666666666667,0.03333333333333333
Fortaleza,VILA PERI,21,3.0,1.4000000000000001,0.1
Fortaleza,VILA PERI,22,2.0,0.9333333333333333,0.06666666666666667
Fortaleza,VILA UNIĂO,0,1.0,0.75,0.125
Fortaleza,VILA UNIĂO,1,3.0,2.25,0.375
Fortaleza,VILA UNIĂO,7,1.0,0.75,0.125
Fortaleza,VILA UNIĂO,9,1.0,0.75,0.125
Fortaleza,VILA UNIĂO,16,1.0,0.75,0.125
Fortaleza,VILA UNIĂO,20,1.0,0.75,0.125
Fortaleza,VILA VELHA,0,3.0,1.227272727272727,0.06818181818181818
Fortaleza,VILA VELHA,1,1.0,0.40909090909090906,0.022727272727272728
Fortaleza,VILA VELHA,4,2.0,0.8181818181818181,0.045454545454545456
Fortaleza,VILA VELHA,6,1.0,0.40909090909090906,0.022727272727272728
Fortaleza,VILA VELHA,7,1.0,0.40909090909090906,0.022727272727272728
Fortaleza,VILA VELHA,9,1.0,0.40909090909090906,0.022727272727272728
Fortaleza,VILA VELHA,10,1.0,0.40909090909090906,0.022727272727272728
Fortaleza,VILA VELHA,12,2.0,0.8181818181818181,0.045454545454545456
Fortaleza,VILA VELHA,13,3.0,1.227272727272727,0.06818181818181818
Fortaleza,VILA VELHA,14,1.0,0.40909090909090906,0.022727272727272728
Fortaleza,VILA VELHA,16,7.0,2.8636363636363633,0.1590909090909091
Fortaleza,VILA VELHA,17,2.0,0.8181818181818181,0.045454545454545456
Fortaleza,VILA VELHA,18,4.0,1.6363636363636362,0.09090909090909091
Fortaleza,VILA VELHA,19,7.0,2.8636363636363633,0.1590909090909091
Fortaleza,VILA VELHA,20,1.0,0.40909090909090906,0.022727272727272728
Fortaleza,VILA VELHA,21,1.0,0.40909090909090906,0.022727272727272728
Fortaleza,VILA VELHA,22,5.0,2.0454545454545454,0.11363636363636363
Fortaleza,VILA VELHA,23,1.0,0.40909090909090906,0.022727272727272728
Fortaleza,ÁLVARO WEYNE,1,2.0,1.0769230769230769,0.07692307692307693
Fortaleza,ÁLVARO WEYNE,3,1.0,0.5384615384615384,0.038461538461538464
Fortaleza,ÁLVARO WEYNE,8,1.0,0.5384615384615384,0.038461538461538464
Fortaleza,ÁLVARO WEYNE,9,1.0,0.5384615384615384,0.038461538461538464
Fortaleza,ÁLVARO WEYNE,10,1.0,0.5384615384615384,0.038461538461538464
Fortaleza,ÁLVARO WEYNE,14,2.0,1.0769230769230769,0.07692307692307693
Fortaleza,ÁLVARO WEYNE,15,2.0,1.0769230769230769,0.07692307692307693
Fortaleza,ÁLVARO WEYNE,16,5.0,2.692307692307692,0.19230769230769232
Fortaleza,ÁLVARO WEYNE,17,2.0,1.0769230769230769,0.07692307692307693
Fortaleza,ÁLVARO WEYNE,18,1.0,0.5384615384615384,0.038461538461538464
Fortaleza,ÁLVARO WEYNE,20,2.0,1.0769230769230769,0.07692307692307693
Fortaleza,ÁLVARO WEYNE,21,1.0,0.5384615384615384,0.038461538461538464
Fortaleza,ÁLVARO WEYNE,22,3.0,1.6153846153846154,0.11538461538461539
Fortaleza,ÁLVARO WEYNE,23,2.0,1.0769230769230769,0.07692307692307693
