cidade,bairro,month,mean_count,index,proportion
Fortaleza,AEROLÂNDIA,1,2.0,1.3012048192771084,0.14457831325301207
Fortaleza,AEROLÂNDIA,2,1.0,0.6506024096385542,0.07228915662650603
Fortaleza,AEROLÂNDIA,4,2.0,1.3012048192771084,0.14457831325301207
Fortaleza,AEROLÂNDIA,5,1.0,0.6506024096385542,0.07228915662650603
Fortaleza,AEROLÂNDIA,7,3.0,1.9518072289156627,0.2168674698795181
Fortaleza,AEROLÂNDIA,9,1.0,0.6506024096385542,0.07228915662650603
Fortaleza,AEROLÂNDIA,10,1.3333333333333333,0.8674698795180723,0.0963855421686747
Fortaleza,AEROLÂNDIA,11,1.5,0.9759036144578314,0.10843373493975905
Fortaleza,AEROLÂNDIA,12,1.0,0.6506024096385542,0.07228915662650603
Fortaleza,AEROPORTO,2,1.0,0.7142857142857143,0.07142857142857142
Fortaleza,AEROPORTO,3,2.0,1.4285714285714286,0.14285714285714285
Fortaleza,AEROPORTO,4,1.0,0.7142857142857143,0.07142857142857142
Fortaleza,AEROPORTO,5,1.0,0.7142857142857143,0.07142857142857142
Fortaleza,AEROPORTO,7,3.0,2.142857142857143,0.21428571428571427
Fortaleza,AEROPORTO,8,1.0,0.7142857142857143,0.07142857142857142
Fortaleza,AEROPORTO,9,1.0,0.7142857142857143,0.07142857142857142
Fortaleza,AEROPORTO,10,1.0,0.7142857142857143,0.07142857142857142
Fortaleza,AEROPORTO,11,1.0,0.7142857142857143,0.07142857142857142
Fortaleza,AEROPORTO,12,2.0,1.4285714285714286,0.14285714285714285
Fortaleza,ALDEOTA,2,2.0,1.6,0.2
Fortaleza,ALDEOTA,3,1.0,0.8,0.1
Fortaleza,ALDEOTA,5,1.0,0.8,0.1
Fortaleza,ALDEOTA,6,1.0,0.8,0.1
Fortaleza,ALDEOTA,7,1.0,0.8,0.1
Fortaleza,ALDEOTA,8,1.0,0.8,0.1
Fortaleza,ALDEOTA,9,1.0,0.8,0.1
Fortaleza,ALDEOTA,11,2.0,1.6,0.2
Fortaleza,ALTO DA BALANÇA,2,1.6666666666666667,0.9615384615384615,0.1923076923076923
Fortaleza,ALTO DA BALANÇA,3,2.0,1.1538461538461537,0.23076923076923073
Fortaleza,ALTO DA BALANÇA,5,2.0,1.1538461538461537,0.23076923076923073
Fortaleza,ALTO DA BALANÇA,9,2.0,1.1538461538461537,0.23076923076923073
Fortaleza,ALTO DA BALANÇA,12,1.0,0.5769230769230769,0.11538461538461536
Fortaleza,AMADEU FURTADO,2,3.0,1.7142857142857142,0.42857142857142855
Fortaleza,AMADEU FURTADO,3,1.0,0.5714285714285714,0.14285714285714285
Fortaleza,AMADEU FURTADO,10,2.0,1.1428571428571428,0.2857142857142857
Fortaleza,AMADEU FURTADO,12,1.0,0.5714285714285714,0.14285714285714285
Fortaleza,ANCURI,2,1.0,0.8888888888888888,0.1111111111111111
Fortaleza,ANCURI,3,1.0,0.8888888888888888,0.1111111111111111
Fortaleza,ANCURI,5,1.0,0.8888888888888888,0.1111111111111111
Fortaleza,ANCURI,6,1.0,0.8888888888888888,0.1111111111111111
Fortaleza,ANCURI,7,1.0,0.8888888888888888,0.1111111111111111
Fortaleza,ANCURI,8,1.0,0.8888888888888888,0.1111111111111111
Fortaleza,ANCURI,9,1.0,0.8888888888888888,0.1111111111111111
Fortaleza,ANCURI,10,2.0,1.7777777777777777,0.2222222222222222
Fortaleza,ANTÔNIO BEZERRA,1,1.5,0.8048780487804879,0.07317073170731707
Fortaleza,ANTÔNIO BEZERRA,3,2.0,1.0731707317073171,0.0975609756097561
Fortaleza,ANTÔNIO BEZERRA,4,2.0,1.0731707317073171,0.0975609756097561
Fortaleza,ANTÔNIO BEZERRA,5,3.5,1.878048780487805,0.17073170731707318
Fortaleza,ANTÔNIO BEZERRA,6,1.0,0.5365853658536586,0.04878048780487805
Fortaleza,ANTÔNIO BEZERRA,7,1.6666666666666667,0.894308943089431,0.08130081300813008
Fortaleza,ANTÔNIO BEZERRA,8,2.0,1.0731707317073171,0.0975609756097561
Fortaleza,ANTÔNIO BEZERRA,9,2.0,1.0731707317073171,0.0975609756097561
Fortaleza,ANTÔNIO BEZERRA,10,1.3333333333333333,0.7154471544715447,0.06504065040650406
Fortaleza,ANTÔNIO BEZERRA,11,1.5,0.8048780487804879,0.07317073170731707
Fortaleza,ANTÔNIO BEZERRA,12,2.0,1.0731707317073171,0.0975609756097561
Fortaleza,ARACAPÉ,1,1.0,0.7894736842105263,0.07894736842105264
Fortaleza,ARACAPÉ,2,1.0,0.7894736842105263,0.07894736842105264
Fortaleza,ARACAPÉ,3,1.0,0.7894736842105263,0.07894736842105264
Fortaleza,ARACAPÉ,4,1.0,0.7894736842105263,0.07894736842105264
Fortaleza,ARACAPÉ,5,1.0,0.7894736842105263,0.07894736842105264
Fortaleza,ARACAPÉ,6,1.3333333333333333,1.0526315789473684,0.10526315789473684
Fortaleza,ARACAPÉ,7,1.0,0.7894736842105263,0.07894736842105264
Fortaleza,ARACAPÉ,8,2.0,1.5789473684210527,0.15789473684210528
Fortaleza,ARACAPÉ,11,2.0,1.5789473684210527,0.15789473684210528
Fortaleza,ARACAPÉ,12,1.3333333333333333,1.0526315789473684,0.10526315789473684
Fortaleza,AUTRAN NUNES,4,1.0,1.0,0.14285714285714285
Fortaleza,AUTRAN NUNES,5,1.0,1.0,0.14285714285714285
Fortaleza,AUTRAN NUNES,6,1.0,1.0,0.14285714285714285
Fortaleza,AUTRAN NUNES,8,1.0,1.0,0.14285714285714285
Fortaleza,AUTRAN NUNES,9,1.0,1.0,0.14285714285714285
Fortaleza,AUTRAN NUNES,10,1.0,1.0,0.14285714285714285
Fortaleza,AUTRAN NUNES,12,1.0,1.0,0.14285714285714285
Fortaleza,BARRA DO CEARÁ,1,4.0,1.2177589852008457,0.10147991543340382
Fortaleza,BARRA DO CEARÁ,2,2.0,0.6088794926004228,0.05073995771670191
Fortaleza,BARRA DO CEARÁ,3,3.0,0.9133192389006344,0.07610993657505286
Fortaleza,BARRA DO CEARÁ,4,2.5,0.7610993657505286,0.06342494714587739
Fortaleza,BARRA DO CEARÁ,5,4.5,1.3699788583509516,0.11416490486257928
Fortaleza,BARRA DO CEARÁ,6,2.75,0.8372093023255814,0.06976744186046512
Fortaleza,BARRA DO CEARÁ,7,3.25,0.9894291754756872,0.0824524312896406
Fortaleza,BARRA DO CEARÁ,8,3.0,0.9133192389006344,0.07610993657505286
Fortaleza,BARRA DO CEARÁ,9,3.75,1.1416490486257929,0.09513742071881608
Fortaleza,BARRA DO CEARÁ,10,2.3333333333333335,0.7103594080338268,0.059196617336152224
Fortaleza,BARRA DO CEARÁ,11,3.6666666666666665,1.1162790697674418,0.09302325581395349
Fortaleza,BARRA DO CEARÁ,12,4.666666666666667,1.4207188160676536,0.11839323467230445
Fortaleza,BARROSO,1,1.6666666666666667,0.9125475285171104,0.07604562737642587
Fortaleza,BARROSO,2,2.0,1.0950570342205326,0.09125475285171103
Fortaleza,BARROSO,3,1.5,0.8212927756653994,0.06844106463878327
Fortaleza,BARROSO,4,1.75,0.958174904942966,0.07984790874524715
Fortaleza,BARROSO,5,2.5,1.3688212927756656,0.1140684410646388
Fortaleza,BARROSO,6,2.5,1.3688212927756656,0.1140684410646388
Fortaleza,BARROSO,7,1.3333333333333333,0.7300380228136882,0.06083650190114069
Fortaleza,BARROSO,8,1.3333333333333333,0.7300380228136882,0.06083650190114069
Fortaleza,BARROSO,9,2.0,1.0950570342205326,0.09125475285171103
Fortaleza,BARROSO,10,2.0,1.0950570342205326,0.09125475285171103
Fortaleza,BARROSO,11,2.0,1.0950570342205326,0.09125475285171103
Fortaleza,BARROSO,12,1.3333333333333333,0.7300380228136882,0.06083650190114069
Fortaleza,BELA VISTA,2,1.5,1.0909090909090908,0.2727272727272727
Fortaleza,BELA VISTA,4,1.0,0.7272727272727273,0.18181818181818182
Fortaleza,BELA VISTA,10,1.0,0.7272727272727273,0.18181818181818182
Fortaleza,BELA VISTA,11,2.0,1.4545454545454546,0.36363636363636365
Fortaleza,BENFICA,2,1.0,0.8571428571428571,0.14285714285714285
Fortaleza,BENFICA,4,1.0,0.8571428571428571,0.14285714285714285
Fortaleza,BENFICA,5,1.0,0.8571428571428571,0.14285714285714285
Fortaleza,BENFICA,7,2.0,1.7142857142857142,0.2857142857142857
Fortaleza,BENFICA,10,1.0,0.8571428571428571,0.14285714285714285
Fortaleza,BENFICA,12,1.0,0.8571428571428571,0.14285714285714285
Fortaleza,BOA VISTA/CASTELÃO,1,1.0,0.6060606060606061,0.06060606060606061
Fortaleza,BOA VISTA/CASTELÃO,2,1.3333333333333333,0.8080808080808081,0.0808080808080808
Fortaleza,BOA VISTA/CASTELÃO,3,1.0,0.6060606060606061,0.06060606060606061
Fortaleza,BOA VISTA/CASTELÃO,4,1.5,0.9090909090909092,0.09090909090909091
Fortaleza,BOA VISTA/CASTELÃO,5,2.5,1.5151515151515151,0.15151515151515152
Fortaleza,BOA VISTA/CASTELÃO,6,1.6666666666666667,1.0101010101010102,0.10101010101010101
Fortaleza,BOA VISTA/CASTELÃO,7,3.0,1.8181818181818183,0.18181818181818182
Fortaleza,BOA VISTA/CASTELÃO,8,1.5,0.9090909090909092,0.09090909090909091
Fortaleza,BOA VISTA/CASTELÃO,9,1.0,0.6060606060606061,0.06060606060606061
Fortaleza,BOA VISTA/CASTELÃO,10,2.0,1.2121212121212122,0.12121212121212122
Fortaleza,BOM FUTURO,3,2.0,1.3333333333333333,0.6666666666666666
Fortaleza,BOM FUTURO,10,1.0,0.6666666666666666,0.3333333333333333
Fortaleza,BOM JARDIM,1,2.0,1.070631970260223,0.08921933085501858
Fortaleza,BOM JARDIM,2,1.0,0.5353159851301115,0.04460966542750929
Fortaleza,BOM JARDIM,3,2.0,1.070631970260223,0.08921933085501858
Fortaleza,BOM JARDIM,4,2.25,1.2044609665427508,0.1003717472118959
Fortaleza,BOM JARDIM,5,1.0,0.5353159851301115,0.04460966542750929
Fortaleza,BOM JARDIM,6,1.0,0.5353159851301115,0.04460966542750929
Fortaleza,BOM JARDIM,7,1.0,0.5353159851301115,0.04460966542750929
Fortaleza,BOM JARDIM,8,1.6666666666666667,0.8921933085501859,0.07434944237918216
Fortaleza,BOM JARDIM,9,1.5,0.8029739776951673,0.06691449814126393
Fortaleza,BOM JARDIM,10,2.0,1.070631970260223,0.08921933085501858
Fortaleza,BOM JARDIM,11,2.0,1.070631970260223,0.08921933085501858
Fortaleza,BOM JARDIM,12,5.0,2.676579925650558,0.22304832713754646
Fortaleza,BONSUCESSO,1,1.0,0.6233766233766234,0.05194805194805195
Fortaleza,BONSUCESSO,2,2.3333333333333335,1.4545454545454546,0.12121212121212122
Fortaleza,BONSUCESSO,3,2.3333333333333335,1.4545454545454546,0.12121212121212122
Fortaleza,BONSUCESSO,4,1.0,0.6233766233766234,0.05194805194805195
Fortaleza,BONSUCESSO,5,1.0,0.6233766233766234,0.05194805194805195
Fortaleza,BONSUCESSO,6,2.5,1.5584415584415583,0.12987012987012986
Fortaleza,BONSUCESSO,7,1.25,0.7792207792207791,0.06493506493506493
Fortaleza,BONSUCESSO,8,1.6666666666666667,1.0389610389610389,0.08658008658008659
Fortaleza,BONSUCESSO,9,2.5,1.5584415584415583,0.12987012987012986
Fortaleza,BONSUCESSO,10,1.6666666666666667,1.0389610389610389,0.08658008658008659
Fortaleza,BONSUCESSO,11,1.0,0.6233766233766234,0.05194805194805195
Fortaleza,BONSUCESSO,12,1.0,0.6233766233766234,0.05194805194805195
Fortaleza,CAIS DO PORTO,1,1.0,0.7397260273972601,0.0821917808219178
Fortaleza,CAIS DO PORTO,3,1.5,1.1095890410958902,0.1232876712328767
Fortaleza,CAIS DO PORTO,4,3.0,2.2191780821917804,0.2465753424657534
Fortaleza,CAIS DO PORTO,5,1.0,0.7397260273972601,0.0821917808219178
Fortaleza,CAIS DO PORTO,7,1.6666666666666667,1.232876712328767,0.136986301369863
Fortaleza,CAIS DO PORTO,8,1.0,0.7397260273972601,0.0821917808219178
Fortaleza,CAIS DO PORTO,9,1.0,0.7397260273972601,0.0821917808219178
Fortaleza,CAIS DO PORTO,11,1.0,0.7397260273972601,0.0821917808219178
Fortaleza,CAIS DO PORTO,12,1.0,0.7397260273972601,0.0821917808219178
Fortaleza,CAJAZEIRAS,1,1.5,0.9574468085106381,0.09574468085106383
Fortaleza,CAJAZEIRAS,2,1.5,0.9574468085106381,0.09574468085106383
Fortaleza,CAJAZEIRAS,3,2.0,1.276595744680851,0.1276595744680851
Fortaleza,CAJAZEIRAS,4,2.0,1.276595744680851,0.1276595744680851
Fortaleza,CAJAZEIRAS,5,2.0,1.276595744680851,0.1276595744680851
Fortaleza,CAJAZEIRAS,7,1.0,0.6382978723404255,0.06382978723404255
Fortaleza,CAJAZEIRAS,9,2.0,1.276595744680851,0.1276595744680851
Fortaleza,CAJAZEIRAS,10,1.6666666666666667,1.0638297872340425,0.10638297872340426
Fortaleza,CAJAZEIRAS,11,1.0,0.6382978723404255,0.06382978723404255
Fortaleza,CAJAZEIRAS,12,1.0,0.6382978723404255,0.06382978723404255
Fortaleza,CAMBEBA,1,1.0,1.0,0.16666666666666666
Fortaleza,CAMBEBA,2,1.0,1.0,0.16666666666666666
Fortaleza,CAMBEBA,4,1.0,1.0,0.16666666666666666
Fortaleza,CAMBEBA,6,1.0,1.0,0.16666666666666666
Fortaleza,CAMBEBA,8,1.0,1.0,0.16666666666666666
Fortaleza,CAMBEBA,12,1.0,1.0,0.16666666666666666
Fortaleza,CANINDEZINHO,1,1.0,0.5454545454545454,0.04958677685950413
Fortaleza,CANINDEZINHO,2,2.0,1.0909090909090908,0.09917355371900825
Fortaleza,CANINDEZINHO,3,1.0,0.5454545454545454,0.04958677685950413
Fortaleza,CANINDEZINHO,4,2.6666666666666665,1.4545454545454544,0.13223140495867766
Fortaleza,CANINDEZINHO,5,3.0,1.6363636363636362,0.1487603305785124
Fortaleza,CANINDEZINHO,7,1.0,0.5454545454545454,0.04958677685950413
Fortaleza,CANINDEZINHO,8,1.5,0.8181818181818181,0.0743801652892562
Fortaleza,CANINDEZINHO,9,1.5,0.8181818181818181,0.0743801652892562
Fortaleza,CANINDEZINHO,10,1.3333333333333333,0.7272727272727272,0.06611570247933883
Fortaleza,CANINDEZINHO,11,2.5,1.3636363636363635,0.12396694214876032
Fortaleza,CANINDEZINHO,12,2.6666666666666665,1.4545454545454544,0.13223140495867766
Fortaleza,CARARU,1,1.0,1.0,1.0
Fortaleza,CARLITO PAMPLONA,1,1.5,0.8999999999999999,0.075
Fortaleza,CARLITO PAMPLONA,2,1.5,0.8999999999999999,0.075
Fortaleza,CARLITO PAMPLONA,3,1.0,0.6,0.05
Fortaleza,CARLITO PAMPLONA,4,1.6666666666666667,1.0,0.08333333333333334
Fortaleza,CARLITO PAMPLONA,5,1.0,0.6,0.05
Fortaleza,CARLITO PAMPLONA,6,1.3333333333333333,0.7999999999999999,0.06666666666666667
Fortaleza,CARLITO PAMPLONA,7,1.6666666666666667,1.0,0.08333333333333334
Fortaleza,CARLITO PAMPLONA,8,2.3333333333333335,1.4000000000000001,0.11666666666666667
Fortaleza,CARLITO PAMPLONA,9,1.5,0.8999999999999999,0.075
Fortaleza,CARLITO PAMPLONA,10,2.0,1.2,0.1
Fortaleza,CARLITO PAMPLONA,11,3.5,2.1,0.175
Fortaleza,CARLITO PAMPLONA,12,1.0,0.6,0.05
Fortaleza,CENTRO,1,1.25,0.7894736842105263,0.07894736842105264
Fortaleza,CENTRO,2,1.5,0.9473684210526316,0.09473684210526316
Fortaleza,CENTRO,3,1.0,0.6315789473684211,0.06315789473684211
Fortaleza,CENTRO,4,2.0,1.2631578947368423,0.12631578947368421
Fortaleza,CENTRO,5,2.0,1.2631578947368423,0.12631578947368421
Fortaleza,CENTRO,6,1.5,0.9473684210526316,0.09473684210526316
Fortaleza,CENTRO,8,2.5,1.5789473684210527,0.15789473684210528
Fortaleza,CENTRO,9,1.3333333333333333,0.8421052631578947,0.08421052631578947
Fortaleza,CENTRO,11,1.5,0.9473684210526316,0.09473684210526316
Fortaleza,CENTRO,12,1.25,0.7894736842105263,0.07894736842105264
Fortaleza,CIDADE 2000,4,1.0,1.0,0.2
Fortaleza,CIDADE 2000,6,1.0,1.0,0.2
Fortaleza,CIDADE 2000,8,1.0,1.0,0.2
Fortaleza,CIDADE 2000,11,1.0,1.0,0.2
Fortaleza,CIDADE 2000,12,1.0,1.0,0.2
Fortaleza,CIDADE DOS FUNCIONÁRIOS,1,1.0,0.6835443037974684,0.0759493670886076
Fortaleza,CIDADE DOS FUNCIONÁRIOS,2,1.3333333333333333,0.9113924050632912,0.10126582278481013
Fortaleza,CIDADE DOS FUNCIONÁRIOS,3,2.5,1.708860759493671,0.189873417721519
Fortaleza,CIDADE DOS FUNCIONÁRIOS,4,1.0,0.6835443037974684,0.0759493670886076
Fortaleza,CIDADE DOS FUNCIONÁRIOS,5,2.0,1.3670886075949369,0.1518987341772152
Fortaleza,CIDADE DOS FUNCIONÁRIOS,6,2.0,1.3670886075949369,0.1518987341772152
Fortaleza,CIDADE DOS FUNCIONÁRIOS,8,1.3333333333333333,0.9113924050632912,0.10126582278481013
Fortaleza,CIDADE DOS FUNCIONÁRIOS,9,1.0,0.6835443037974684,0.0759493670886076
Fortaleza,CIDADE DOS FUNCIONÁRIOS,12,1.0,0.6835443037974684,0.0759493670886076
Fortaleza,COAÇU,1,1.0,0.8888888888888888,0.1111111111111111
Fortaleza,COAÇU,4,2.0,1.7777777777777777,0.2222222222222222
Fortaleza,COAÇU,5,1.0,0.8888888888888888,0.1111111111111111
Fortaleza,COAÇU,6,1.0,0.8888888888888888,0.1111111111111111
Fortaleza,COAÇU,8,1.0,0.8888888888888888,0.1111111111111111
Fortaleza,COAÇU,10,1.0,0.8888888888888888,0.1111111111111111
Fortaleza,COAÇU,11,1.0,0.8888888888888888,0.1111111111111111
Fortaleza,COAÇU,12,1.0,0.8888888888888888,0.1111111111111111
Fortaleza,COCÓ,4,1.0,1.0,0.2
Fortaleza,COCÓ,7,1.0,1.0,0.2
Fortaleza,COCÓ,8,1.0,1.0,0.2
Fortaleza,COCÓ,9,1.0,1.0,0.2
Fortaleza,COCÓ,11,1.0,1.0,0.2
Fortaleza,CONJUNTO CEARÁ I,3,1.0,0.9411764705882353,0.11764705882352941
Fortaleza,CONJUNTO CEARÁ I,5,1.0,0.9411764705882353,0.11764705882352941
Fortaleza,CONJUNTO CEARÁ I,6,1.0,0.9411764705882353,0.11764705882352941
Fortaleza,CONJUNTO CEARÁ I,8,1.0,0.9411764705882353,0.11764705882352941
Fortaleza,CONJUNTO CEARÁ I,9,1.0,0.9411764705882353,0.11764705882352941
Fortaleza,CONJUNTO CEARÁ I,10,1.0,0.9411764705882353,0.11764705882352941
Fortaleza,CONJUNTO CEARÁ I,11,1.5,1.411764705882353,0.17647058823529413
Fortaleza,CONJUNTO CEARÁ I,12,1.0,0.9411764705882353,0.11764705882352941
Fortaleza,CONJUNTO CEARÁ II,2,1.0,0.8936170212765957,0.12765957446808512
Fortaleza,CONJUNTO CEARÁ II,3,1.3333333333333333,1.1914893617021276,0.1702127659574468
Fortaleza,CONJUNTO CEARÁ II,5,1.5,1.3404255319148937,0.19148936170212766
Fortaleza,CONJUNTO CEARÁ II,7,1.0,0.8936170212765957,0.12765957446808512
Fortaleza,CONJUNTO CEARÁ II,10,1.0,0.8936170212765957,0.12765957446808512
Fortaleza,CONJUNTO CEARÁ II,11,1.0,0.8936170212765957,0.12765957446808512
Fortaleza,CONJUNTO CEARÁ II,12,1.0,0.8936170212765957,0.12765957446808512
Fortaleza,CONJUNTO ESPERANÇA,3,1.0,0.8,0.1
Fortaleza,CONJUNTO ESPERANÇA,4,1.0,0.8,0.1
Fortaleza,CONJUNTO ESPERANÇA,5,2.0,1.6,0.2
Fortaleza,CONJUNTO ESPERANÇA,6,1.0,0.8,0.1
Fortaleza,CONJUNTO ESPERANÇA,8,1.0,0.8,0.1
Fortaleza,CONJUNTO ESPERANÇA,10,1.0,0.8,0.1
Fortaleza,CONJUNTO ESPERANÇA,11,1.0,0.8,0.1
Fortaleza,CONJUNTO ESPERANÇA,12,2.0,1.6,0.2
Fortaleza,CONJUNTO PALMEIRAS,1,1.3333333333333333,0.8275862068965517,0.06896551724137931
Fortaleza,CONJUNTO PALMEIRAS,2,2.0,1.2413793103448276,0.10344827586206898
Fortaleza,CONJUNTO PALMEIRAS,3,2.25,1.3965517241379313,0.1163793103448276
Fortaleza,CONJUNTO PALMEIRAS,4,2.0,1.2413793103448276,0.10344827586206898
Fortaleza,CONJUNTO PALMEIRAS,5,1.0,0.6206896551724138,0.05172413793103449
Fortaleza,CONJUNTO PALMEIRAS,6,1.0,0.6206896551724138,0.05172413793103449
Fortaleza,CONJUNTO PALMEIRAS,7,2.0,1.2413793103448276,0.10344827586206898
Fortaleza,CONJUNTO PALMEIRAS,8,1.5,0.9310344827586208,0.07758620689655173
Fortaleza,CONJUNTO PALMEIRAS,9,1.3333333333333333,0.8275862068965517,0.06896551724137931
Fortaleza,CONJUNTO PALMEIRAS,10,2.25,1.3965517241379313,0.1163793103448276
Fortaleza,CONJUNTO PALMEIRAS,11,1.0,0.6206896551724138,0.05172413793103449
Fortaleza,CONJUNTO PALMEIRAS,12,1.6666666666666667,1.0344827586206897,0.08620689655172414
Fortaleza,COUTO FERNANDES,4,2.0,1.5,0.5
Fortaleza,COUTO FERNANDES,6,1.0,0.75,0.25
Fortaleza,COUTO FERNANDES,8,1.0,0.75,0.25
Fortaleza,CRISTO REDENTOR,1,1.6666666666666667,0.8695652173913043,0.07246376811594203
Fortaleza,CRISTO REDENTOR,2,1.3333333333333333,0.6956521739130435,0.05797101449275362
Fortaleza,CRISTO REDENTOR,3,2.25,1.1739130434782608,0.09782608695652174
Fortaleza,CRISTO REDENTOR,4,4.0,2.0869565217391304,0.17391304347826086
Fortaleza,CRISTO REDENTOR,5,2.0,1.0434782608695652,0.08695652173913043
Fortaleza,CRISTO REDENTOR,6,1.0,0.5217391304347826,0.043478260869565216
Fortaleza,CRISTO REDENTOR,7,1.0,0.5217391304347826,0.043478260869565216
Fortaleza,CRISTO REDENTOR,8,1.0,0.5217391304347826,0.043478260869565216
Fortaleza,CRISTO REDENTOR,9,1.75,0.9130434782608695,0.07608695652173914
Fortaleza,CRISTO REDENTOR,10,2.0,1.0434782608695652,0.08695652173913043
Fortaleza,CRISTO REDENTOR,11,2.5,1.3043478260869565,0.10869565217391304
Fortaleza,CRISTO REDENTOR,12,2.5,1.3043478260869565,0.10869565217391304
Fortaleza,CURIÓ,1,1.5,1.1538461538461537,0.11538461538461539
Fortaleza,CURIÓ,3,1.0,0.7692307692307692,0.07692307692307693
Fortaleza,CURIÓ,4,1.0,0.7692307692307692,0.07692307692307693
Fortaleza,CURIÓ,5,2.0,1.5384615384615383,0.15384615384615385
Fortaleza,CURIÓ,6,1.0,0.7692307692307692,0.07692307692307693
Fortaleza,CURIÓ,8,1.0,0.7692307692307692,0.07692307692307693
Fortaleza,CURIÓ,9,1.0,0.7692307692307692,0.07692307692307693
Fortaleza,CURIÓ,10,2.5,1.923076923076923,0.19230769230769232
Fortaleza,CURIÓ,11,1.0,0.7692307692307692,0.07692307692307693
Fortaleza,CURIÓ,12,1.0,0.7692307692307692,0.07692307692307693
Fortaleza,DAMAS,2,1.0,1.0,0.3333333333333333
Fortaleza,DAMAS,3,1.0,1.0,0.3333333333333333
Fortaleza,DAMAS,7,1.0,1.0,0.3333333333333333
Fortaleza,DEMÓCRITO ROCHA,1,1.0,0.8888888888888888,0.2222222222222222
Fortaleza,DEMÓCRITO ROCHA,2,1.0,0.8888888888888888,0.2222222222222222
Fortaleza,DEMÓCRITO ROCHA,4,1.0,0.8888888888888888,0.2222222222222222
Fortaleza,DEMÓCRITO ROCHA,10,1.5,1.3333333333333333,0.3333333333333333
Fortaleza,DIAS MACÊDO,2,2.0,1.4545454545454546,0.18181818181818182
Fortaleza,DIAS MACÊDO,3,2.0,1.4545454545454546,0.18181818181818182
Fortaleza,DIAS MACÊDO,4,1.0,0.7272727272727273,0.09090909090909091
Fortaleza,DIAS MACÊDO,5,1.0,0.7272727272727273,0.09090909090909091
Fortaleza,DIAS MACÊDO,6,1.0,0.7272727272727273,0.09090909090909091
Fortaleza,DIAS MACÊDO,7,1.0,0.7272727272727273,0.09090909090909091
Fortaleza,DIAS MACÊDO,8,2.0,1.4545454545454546,0.18181818181818182
Fortaleza,DIAS MACÊDO,12,1.0,0.7272727272727273,0.09090909090909091
Fortaleza,DIONÍSIO TORRES,7,1.0,1.0,1.0
Fortaleza,DOM LUSTOSA,1,1.0,0.9090909090909091,0.09090909090909091
Fortaleza,DOM LUSTOSA,2,1.0,0.9090909090909091,0.09090909090909091
Fortaleza,DOM LUSTOSA,4,2.0,1.8181818181818181,0.18181818181818182
Fortaleza,DOM LUSTOSA,5,1.0,0.9090909090909091,0.09090909090909091
Fortaleza,DOM LUSTOSA,6,1.0,0.9090909090909091,0.09090909090909091
Fortaleza,DOM LUSTOSA,7,1.0,0.9090909090909091,0.09090909090909091
Fortaleza,DOM LUSTOSA,9,1.0,0.9090909090909091,0.09090909090909091
Fortaleza,DOM LUSTOSA,10,1.0,0.9090909090909091,0.09090909090909091
Fortaleza,DOM LUSTOSA,11,1.0,0.9090909090909091,0.09090909090909091
Fortaleza,DOM LUSTOSA,12,1.0,0.9090909090909091,0.09090909090909091
Fortaleza,EDSON QUEIROZ,1,1.5,1.0964467005076144,0.09137055837563453
Fortaleza,EDSON QUEIROZ,2,1.5,1.0964467005076144,0.09137055837563453
Fortaleza,EDSON QUEIROZ,3,1.6666666666666667,1.2182741116751272,0.10152284263959392
Fortaleza,EDSON QUEIROZ,4,1.0,0.7309644670050762,0.060913705583756354
Fortaleza,EDSON QUEIROZ,5,1.0,0.7309644670050762,0.060913705583756354
Fortaleza,EDSON QUEIROZ,6,1.0,0.7309644670050762,0.060913705583756354
Fortaleza,EDSON QUEIROZ,7,1.3333333333333333,0.9746192893401016,0.08121827411167513
Fortaleza,EDSON QUEIROZ,8,1.3333333333333333,0.9746192893401016,0.08121827411167513
Fortaleza,EDSON QUEIROZ,9,1.0,0.7309644670050762,0.060913705583756354
Fortaleza,EDSON QUEIROZ,10,1.3333333333333333,0.9746192893401016,0.08121827411167513
Fortaleza,EDSON QUEIROZ,11,1.5,1.0964467005076144,0.09137055837563453
Fortaleza,EDSON QUEIROZ,12,2.25,1.6446700507614216,0.1370558375634518
Fortaleza,ELLERY,7,1.0,1.0,0.5
Fortaleza,ELLERY,11,1.0,1.0,0.5
Fortaleza,ENGENHEIRO LUCIANO CAVALCANTE,1,1.0,1.0,0.14285714285714285
Fortaleza,ENGENHEIRO LUCIANO CAVALCANTE,4,1.0,1.0,0.14285714285714285
Fortaleza,ENGENHEIRO LUCIANO CAVALCANTE,5,1.0,1.0,0.14285714285714285
Fortaleza,ENGENHEIRO LUCIANO CAVALCANTE,7,1.0,1.0,0.14285714285714285
Fortaleza,ENGENHEIRO LUCIANO CAVALCANTE,8,1.0,1.0,0.14285714285714285
Fortaleza,ENGENHEIRO LUCIANO CAVALCANTE,9,1.0,1.0,0.14285714285714285
Fortaleza,ENGENHEIRO LUCIANO CAVALCANTE,12,1.0,1.0,0.14285714285714285
Fortaleza,FARIAS BRITO,2,1.0,0.8571428571428571,0.14285714285714285
Fortaleza,FARIAS BRITO,4,1.5,1.2857142857142856,0.21428571428571427
Fortaleza,FARIAS BRITO,5,1.0,0.8571428571428571,0.14285714285714285
Fortaleza,FARIAS BRITO,7,1.5,1.2857142857142856,0.21428571428571427
Fortaleza,FARIAS BRITO,8,1.0,0.8571428571428571,0.14285714285714285
Fortaleza,FARIAS BRITO,9,1.0,0.8571428571428571,0.14285714285714285
Fortaleza,FLORESTA,1,1.0,0.7692307692307692,0.07692307692307693
Fortaleza,FLORESTA,2,1.0,0.7692307692307692,0.07692307692307693
Fortaleza,FLORESTA,3,1.5,1.1538461538461537,0.11538461538461539
Fortaleza,FLORESTA,4,1.0,0.7692307692307692,0.07692307692307693
Fortaleza,FLORESTA,7,1.6666666666666667,1.2820512820512822,0.12820512820512822
Fortaleza,FLORESTA,8,1.3333333333333333,1.0256410256410255,0.10256410256410256
Fortaleza,FLORESTA,9,1.0,0.7692307692307692,0.07692307692307693
Fortaleza,FLORESTA,10,1.5,1.1538461538461537,0.11538461538461539
Fortaleza,FLORESTA,11,1.0,0.7692307692307692,0.07692307692307693
Fortaleza,FLORESTA,12,2.0,1.5384615384615383,0.15384615384615385
Fortaleza,FÁTIMA,1,1.0,0.8,0.1
Fortaleza,FÁTIMA,2,1.0,0.8,0.1
Fortaleza,FÁTIMA,3,1.0,0.8,0.1
Fortaleza,FÁTIMA,4,2.0,1.6,0.2
Fortaleza,FÁTIMA,5,1.0,0.8,0.1
Fortaleza,FÁTIMA,9,1.0,0.8,0.1
Fortaleza,FÁTIMA,10,2.0,1.6,0.2
Fortaleza,FÁTIMA,12,1.0,0.8,0.1
Fortaleza,GENIBAÚ,1,2.0,1.255813953488372,0.13953488372093023
Fortaleza,GENIBAÚ,2,1.0,0.627906976744186,0.06976744186046512
Fortaleza,GENIBAÚ,4,1.6666666666666667,1.0465116279069768,0.11627906976744186
Fortaleza,GENIBAÚ,5,1.3333333333333333,0.8372093023255813,0.09302325581395347
Fortaleza,GENIBAÚ,6,1.0,0.627906976744186,0.06976744186046512
Fortaleza,GENIBAÚ,7,1.0,0.627906976744186,0.06976744186046512
Fortaleza,GENIBAÚ,8,2.3333333333333335,1.4651162790697676,0.16279069767441862
Fortaleza,GENIBAÚ,10,3.0,1.8837209302325582,0.20930232558139533
Fortaleza,GENIBAÚ,11,1.0,0.627906976744186,0.06976744186046512
Fortaleza,GRANJA LISBOA,1,3.25,1.1938775510204078,0.09948979591836733
Fortaleza,GRANJA LISBOA,2,2.6666666666666665,0.9795918367346936,0.08163265306122447
Fortaleza,GRANJA LISBOA,3,3.5,1.2857142857142854,0.10714285714285712
Fortaleza,GRANJA LISBOA,4,1.5,0.5510204081632653,0.04591836734693877
Fortaleza,GRANJA LISBOA,5,3.0,1.1020408163265305,0.09183673469387754
Fortaleza,GRANJA LISBOA,6,2.6666666666666665,0.9795918367346936,0.08163265306122447
Fortaleza,GRANJA LISBOA,7,2.5,0.9183673469387753,0.07653061224489795
Fortaleza,GRANJA LISBOA,8,1.5,0.5510204081632653,0.04591836734693877
Fortaleza,GRANJA LISBOA,9,2.6666666666666665,0.9795918367346936,0.08163265306122447
Fortaleza,GRANJA LISBOA,10,2.75,1.010204081632653,0.08418367346938774
Fortaleza,GRANJA LISBOA,11,3.6666666666666665,1.3469387755102038,0.11224489795918366
Fortaleza,GRANJA LISBOA,12,3.0,1.1020408163265305,0.09183673469387754
Fortaleza,GRANJA PORTUGAL,1,1.75,1.00398406374502,0.08366533864541832
Fortaleza,GRANJA PORTUGAL,2,1.6666666666666667,0.9561752988047809,0.0796812749003984
Fortaleza,GRANJA PORTUGAL,3,2.3333333333333335,1.3386454183266934,0.11155378486055777
Fortaleza,GRANJA PORTUGAL,4,1.6666666666666667,0.9561752988047809,0.0796812749003984
Fortaleza,GRANJA PORTUGAL,5,1.3333333333333333,0.7649402390438247,0.06374501992031872
Fortaleza,GRANJA PORTUGAL,6,1.6666666666666667,0.9561752988047809,0.0796812749003984
Fortaleza,GRANJA PORTUGAL,7,1.5,0.8605577689243028,0.07171314741035856
Fortaleza,GRANJA PORTUGAL,8,2.0,1.1474103585657371,0.09561752988047809
Fortaleza,GRANJA PORTUGAL,9,1.0,0.5737051792828686,0.04780876494023904
Fortaleza,GRANJA PORTUGAL,10,2.0,1.1474103585657371,0.09561752988047809
Fortaleza,GRANJA PORTUGAL,11,2.0,1.1474103585657371,0.09561752988047809
Fortaleza,GRANJA PORTUGAL,12,2.0,1.1474103585657371,0.09561752988047809
Fortaleza,GUAJERU,1,2.0,1.6842105263157894,0.21052631578947367
Fortaleza,GUAJERU,3,1.5,1.263157894736842,0.15789473684210525
Fortaleza,GUAJERU,4,1.0,0.8421052631578947,0.10526315789473684
Fortaleza,GUAJERU,5,1.0,0.8421052631578947,0.10526315789473684
Fortaleza,GUAJERU,6,1.0,0.8421052631578947,0.10526315789473684
Fortaleza,GUAJERU,8,1.0,0.8421052631578947,0.10526315789473684
Fortaleza,GUAJERU,9,1.0,0.8421052631578947,0.10526315789473684
Fortaleza,GUAJERU,10,1.0,0.8421052631578947,0.10526315789473684
Fortaleza,HENRIQUE JORGE,1,1.0,0.8695652173913044,0.08695652173913043
Fortaleza,HENRIQUE JORGE,2,1.0,0.8695652173913044,0.08695652173913043
Fortaleza,HENRIQUE JORGE,3,1.0,0.8695652173913044,0.08695652173913043
Fortaleza,HENRIQUE JORGE,4,1.0,0.8695652173913044,0.08695652173913043
Fortaleza,HENRIQUE JORGE,5,2.0,1.7391304347826089,0.17391304347826086
Fortaleza,HENRIQUE JORGE,7,1.0,0.8695652173913044,0.08695652173913043
Fortaleza,HENRIQUE JORGE,8,1.0,0.8695652173913044,0.08695652173913043
Fortaleza,HENRIQUE JORGE,10,1.5,1.3043478260869565,0.13043478260869565
Fortaleza,HENRIQUE JORGE,11,1.0,0.8695652173913044,0.08695652173913043
Fortaleza,HENRIQUE JORGE,12,1.0,0.8695652173913044,0.08695652173913043
Fortaleza,ITAOCA,1,1.0,1.0,0.16666666666666666
Fortaleza,ITAOCA,2,1.0,1.0,0.16666666666666666
Fortaleza,ITAOCA,3,1.0,1.0,0.16666666666666666
Fortaleza,ITAOCA,8,1.0,1.0,0.16666666666666666
Fortaleza,ITAOCA,9,1.0,1.0,0.16666666666666666
Fortaleza,ITAOCA,10,1.0,1.0,0.16666666666666666
Fortaleza,ITAPERI,1,1.0,1.0,0.125
Fortaleza,ITAPERI,2,1.0,1.0,0.125
Fortaleza,ITAPERI,4,1.0,1.0,0.125
Fortaleza,ITAPERI,5,1.0,1.0,0.125
Fortaleza,ITAPERI,6,1.0,1.0,0.125
Fortaleza,ITAPERI,7,1.0,1.0,0.125
Fortaleza,ITAPERI,9,1.0,1.0,0.125
Fortaleza,ITAPERI,10,1.0,1.0,0.125
Fortaleza,JACARECANGA,1,2.0,1.375,0.125
Fortaleza,JACARECANGA,2,1.0,0.6875,0.0625
Fortaleza,JACARECANGA,3,2.0,1.375,0.125
Fortaleza,JACARECANGA,4,1.0,0.6875,0.0625
Fortaleza,JACARECANGA,5,1.5,1.03125,0.09375
Fortaleza,JACARECANGA,6,1.0,0.6875,0.0625
Fortaleza,JACARECANGA,7,1.0,0.6875,0.0625
Fortaleza,JACARECANGA,8,1.0,0.6875,0.0625
Fortaleza,JACARECANGA,10,3.5,2.40625,0.21875
Fortaleza,JACARECANGA,11,1.0,0.6875,0.0625
Fortaleza,JACARECANGA,12,1.0,0.6875,0.0625
Fortaleza,JANGURUSSU,1,2.8,0.838951310861423,0.06991260923845193
Fortaleza,JANGURUSSU,2,3.5,1.048689138576779,0.08739076154806491
Fortaleza,JANGURUSSU,3,4.25,1.2734082397003743,0.10611735330836454
Fortaleza,JANGURUSSU,4,4.666666666666667,1.3982521847690386,0.11652101539741988
Fortaleza,JANGURUSSU,5,3.25,0.9737827715355805,0.0811485642946317
Fortaleza,JANGURUSSU,6,3.5,1.048689138576779,0.08739076154806491
Fortaleza,JANGURUSSU,7,3.0,0.8988764044943819,0.07490636704119849
Fortaleza,JANGURUSSU,8,4.0,1.1985018726591758,0.09987515605493133
Fortaleza,JANGURUSSU,9,3.5,1.048689138576779,0.08739076154806491
Fortaleza,JANGURUSSU,10,3.0,0.8988764044943819,0.07490636704119849
Fortaleza,JANGURUSSU,11,2.3333333333333335,0.6991260923845193,0.05826050769870994
Fortaleza,JANGURUSSU,12,2.25,0.6741573033707865,0.05617977528089887
Fortaleza,JARDIM AMÉRICA,3,1.0,0.8333333333333334,0.16666666666666666
Fortaleza,JARDIM AMÉRICA,4,2.0,1.6666666666666667,0.3333333333333333
Fortaleza,JARDIM AMÉRICA,6,1.0,0.8333333333333334,0.16666666666666666
Fortaleza,JARDIM AMÉRICA,7,1.0,0.8333333333333334,0.16666666666666666
Fortaleza,JARDIM AMÉRICA,8,1.0,0.8333333333333334,0.16666666666666666
Fortaleza,JARDIM CEARENSE,7,1.0,1.0,0.3333333333333333
Fortaleza,JARDIM CEARENSE,9,1.0,1.0,0.3333333333333333
Fortaleza,JARDIM CEARENSE,11,1.0,1.0,0.3333333333333333
Fortaleza,JARDIM DAS OLIVEIRAS,1,1.0,0.5760000000000001,0.048
Fortaleza,JARDIM DAS OLIVEIRAS,2,2.0,1.1520000000000001,0.096
Fortaleza,JARDIM DAS OLIVEIRAS,3,3.0,1.7280000000000002,0.14400000000000002
Fortaleza,JARDIM DAS OLIVEIRAS,4,1.0,0.5760000000000001,0.048
Fortaleza,JARDIM DAS OLIVEIRAS,5,2.0,1.1520000000000001,0.096
Fortaleza,JARDIM DAS OLIVEIRAS,6,1.3333333333333333,0.768,0.064
Fortaleza,JARDIM DAS OLIVEIRAS,7,1.5,0.8640000000000001,0.07200000000000001
Fortaleza,JARDIM DAS OLIVEIRAS,8,1.0,0.5760000000000001,0.048
Fortaleza,JARDIM DAS OLIVEIRAS,9,2.0,1.1520000000000001,0.096
Fortaleza,JARDIM DAS OLIVEIRAS,10,2.0,1.1520000000000001,0.096
Fortaleza,JARDIM DAS OLIVEIRAS,11,1.5,0.8640000000000001,0.07200000000000001
Fortaleza,JARDIM DAS OLIVEIRAS,12,2.5,1.4400000000000002,0.12000000000000001
Fortaleza,JARDIM GUANABARA,2,1.0,0.6666666666666666,0.13333333333333333
Fortaleza,JARDIM GUANABARA,4,1.0,0.6666666666666666,0.13333333333333333
Fortaleza,JARDIM GUANABARA,8,3.0,2.0,0.4
Fortaleza,JARDIM GUANABARA,9,1.5,1.0,0.2
Fortaleza,JARDIM GUANABARA,11,1.0,0.6666666666666666,0.13333333333333333
Fortaleza,JARDIM IRACEMA,2,1.5,0.9230769230769231,0.11538461538461539
Fortaleza,JARDIM IRACEMA,5,2.5,1.5384615384615385,0.19230769230769232
Fortaleza,JARDIM IRACEMA,7,1.0,0.6153846153846154,0.07692307692307693
Fortaleza,JARDIM IRACEMA,8,2.0,1.2307692307692308,0.15384615384615385
Fortaleza,JARDIM IRACEMA,9,1.0,0.6153846153846154,0.07692307692307693
Fortaleza,JARDIM IRACEMA,10,1.0,0.6153846153846154,0.07692307692307693
Fortaleza,JARDIM IRACEMA,11,3.0,1.8461538461538463,0.23076923076923078
Fortaleza,JARDIM IRACEMA,12,1.0,0.6153846153846154,0.07692307692307693
Fortaleza,JOAQUIM TÁVORA,4,1.0,0.8888888888888888,0.1111111111111111
Fortaleza,JOAQUIM TÁVORA,5,1.0,0.8888888888888888,0.1111111111111111
Fortaleza,JOAQUIM TÁVORA,6,1.0,0.8888888888888888,0.1111111111111111
Fortaleza,JOAQUIM TÁVORA,7,1.0,0.8888888888888888,0.1111111111111111
Fortaleza,JOAQUIM TÁVORA,8,2.0,1.7777777777777777,0.2222222222222222
Fortaleza,JOAQUIM TÁVORA,9,1.0,0.8888888888888888,0.1111111111111111
Fortaleza,JOAQUIM TÁVORA,10,1.0,0.8888888888888888,0.1111111111111111
Fortaleza,JOAQUIM TÁVORA,11,1.0,0.8888888888888888,0.1111111111111111
Fortaleza,JOSÉ BONIFÁCIO,2,1.0,0.8999999999999999,0.15
Fortaleza,JOSÉ BONIFÁCIO,3,1.6666666666666667,1.5,0.25
Fortaleza,JOSÉ BONIFÁCIO,4,1.0,0.8999999999999999,0.15
Fortaleza,JOSÉ BONIFÁCIO,8,1.0,0.8999999999999999,0.15
Fortaleza,JOSÉ BONIFÁCIO,9,1.0,0.8999999999999999,0.15
Fortaleza,JOSÉ BONIFÁCIO,11,1.0,0.8999999999999999,0.15
Fortaleza,JOSÉ DE ALENCAR,1,1.0,0.6428571428571428,0.05357142857142857
Fortaleza,JOSÉ DE ALENCAR,2,2.0,1.2857142857142856,0.10714285714285714
Fortaleza,JOSÉ DE ALENCAR,3,1.6666666666666667,1.0714285714285714,0.08928571428571429
Fortaleza,JOSÉ DE ALENCAR,4,2.0,1.2857142857142856,0.10714285714285714
Fortaleza,JOSÉ DE ALENCAR,5,1.0,0.6428571428571428,0.05357142857142857
Fortaleza,JOSÉ DE ALENCAR,6,2.0,1.2857142857142856,0.10714285714285714
Fortaleza,JOSÉ DE ALENCAR,7,2.0,1.2857142857142856,0.10714285714285714
Fortaleza,JOSÉ DE ALENCAR,8,1.0,0.6428571428571428,0.05357142857142857
Fortaleza,JOSÉ DE ALENCAR,9,1.0,0.6428571428571428,0.05357142857142857
Fortaleza,JOSÉ DE ALENCAR,10,2.0,1.2857142857142856,0.10714285714285714
Fortaleza,JOSÉ DE ALENCAR,11,1.5,0.9642857142857143,0.08035714285714285
Fortaleza,JOSÉ DE ALENCAR,12,1.5,0.9642857142857143,0.08035714285714285
Fortaleza,JOÃO XXIII,1,1.0,0.7692307692307692,0.15384615384615385
Fortaleza,JOÃO XXIII,4,1.0,0.7692307692307692,0.15384615384615385
Fortaleza,JOÃO XXIII,8,2.0,1.5384615384615383,0.3076923076923077
Fortaleza,JOÃO XXIII,9,1.0,0.7692307692307692,0.15384615384615385
Fortaleza,JOÃO XXIII,10,1.5,1.1538461538461537,0.23076923076923078
Fortaleza,JÓQUEI CLUBE,1,1.0,0.8400000000000002,0.12000000000000002
Fortaleza,JÓQUEI CLUBE,2,1.0,0.8400000000000002,0.12000000000000002
Fortaleza,JÓQUEI CLUBE,5,1.0,0.8400000000000002,0.12000000000000002
Fortaleza,JÓQUEI CLUBE,7,1.0,0.8400000000000002,0.12000000000000002
Fortaleza,JÓQUEI CLUBE,8,1.3333333333333333,1.12,0.16
Fortaleza,JÓQUEI CLUBE,9,1.0,0.8400000000000002,0.12000000000000002
Fortaleza,JÓQUEI CLUBE,10,2.0,1.6800000000000004,0.24000000000000005
Fortaleza,LAGOA REDONDA,1,1.5,0.8999999999999999,0.075
Fortaleza,LAGOA REDONDA,2,2.5,1.5,0.125
Fortaleza,LAGOA REDONDA,3,1.0,0.6,0.05
Fortaleza,LAGOA REDONDA,4,1.0,0.6,0.05
Fortaleza,LAGOA REDONDA,5,2.0,1.2,0.1
Fortaleza,LAGOA REDONDA,6,1.0,0.6,0.05
Fortaleza,LAGOA REDONDA,7,1.0,0.6,0.05
Fortaleza,LAGOA REDONDA,8,1.6666666666666667,1.0,0.08333333333333334
Fortaleza,LAGOA REDONDA,9,1.5,0.8999999999999999,0.075
Fortaleza,LAGOA REDONDA,10,1.5,0.8999999999999999,0.075
Fortaleza,LAGOA REDONDA,11,2.3333333333333335,1.4000000000000001,0.11666666666666667
Fortaleza,LAGOA REDONDA,12,3.0,1.7999999999999998,0.15
Fortaleza,MANOEL SÁTIRO,1,2.0,1.153846153846154,0.11538461538461539
Fortaleza,MANOEL SÁTIRO,2,1.0,0.576923076923077,0.057692307692307696
Fortaleza,MANOEL SÁTIRO,3,1.0,0.576923076923077,0.057692307692307696
Fortaleza,MANOEL SÁTIRO,5,1.0,0.576923076923077,0.057692307692307696
Fortaleza,MANOEL SÁTIRO,6,1.0,0.576923076923077,0.057692307692307696
Fortaleza,MANOEL SÁTIRO,7,3.0,1.7307692307692308,0.1730769230769231
Fortaleza,MANOEL SÁTIRO,8,4.0,2.307692307692308,0.23076923076923078
Fortaleza,MANOEL SÁTIRO,9,2.0,1.153846153846154,0.11538461538461539
Fortaleza,MANOEL SÁTIRO,10,1.3333333333333333,0.7692307692307693,0.07692307692307693
Fortaleza,MANOEL SÁTIRO,11,1.0,0.576923076923077,0.057692307692307696
Fortaleza,MANUEL DIAS BRANCO,1,1.0,0.9411764705882353,0.11764705882352941
Fortaleza,MANUEL DIAS BRANCO,3,1.0,0.9411764705882353,0.11764705882352941
Fortaleza,MANUEL DIAS BRANCO,4,1.0,0.9411764705882353,0.11764705882352941
Fortaleza,MANUEL DIAS BRANCO,6,1.0,0.9411764705882353,0.11764705882352941
Fortaleza,MANUEL DIAS BRANCO,7,1.5,1.411764705882353,0.17647058823529413
Fortaleza,MANUEL DIAS BRANCO,8,1.0,0.9411764705882353,0.11764705882352941
Fortaleza,MANUEL DIAS BRANCO,10,1.0,0.9411764705882353,0.11764705882352941
Fortaleza,MANUEL DIAS BRANCO,12,1.0,0.9411764705882353,0.11764705882352941
Fortaleza,MARAPONGA,1,1.5,1.05,0.15
Fortaleza,MARAPONGA,5,1.5,1.05,0.15
Fortaleza,MARAPONGA,6,1.0,0.7,0.1
Fortaleza,MARAPONGA,7,1.0,0.7,0.1
Fortaleza,MARAPONGA,8,1.0,0.7,0.1
Fortaleza,MARAPONGA,9,1.0,0.7,0.1
Fortaleza,MARAPONGA,12,3.0,2.1,0.3
Fortaleza,MEIRELES,1,1.0,1.0,0.14285714285714285
Fortaleza,MEIRELES,4,1.0,1.0,0.14285714285714285
Fortaleza,MEIRELES,7,1.0,1.0,0.14285714285714285
Fortaleza,MEIRELES,8,1.0,1.0,0.14285714285714285
Fortaleza,MEIRELES,10,1.0,1.0,0.14285714285714285
Fortaleza,MEIRELES,11,1.0,1.0,0.14285714285714285
Fortaleza,MEIRELES,12,1.0,1.0,0.14285714285714285
Fortaleza,MESSEJANA,1,2.8,1.0763481046449543,0.08969567538707954
Fortaleza,MESSEJANA,2,2.5,0.9610250934329951,0.08008542445274959
Fortaleza,MESSEJANA,3,2.25,0.8649225840896956,0.07207688200747464
Fortaleza,MESSEJANA,4,3.0,1.153230112119594,0.09610250934329952
Fortaleza,MESSEJANA,5,3.0,1.153230112119594,0.09610250934329952
Fortaleza,MESSEJANA,6,3.25,1.2493326214628937,0.10411105178857448
Fortaleza,MESSEJANA,7,2.75,1.0571276027762946,0.08809396689802455
Fortaleza,MESSEJANA,8,2.25,0.8649225840896956,0.07207688200747464
Fortaleza,MESSEJANA,9,2.25,0.8649225840896956,0.07207688200747464
Fortaleza,MESSEJANA,10,1.5,0.576615056059797,0.04805125467164976
Fortaleza,MESSEJANA,11,3.0,1.153230112119594,0.09610250934329952
Fortaleza,MESSEJANA,12,2.6666666666666665,1.0250934329951946,0.08542445274959956
Fortaleza,MONDUBIM,1,1.6666666666666667,0.7142857142857143,0.05952380952380953
Fortaleza,MONDUBIM,2,1.0,0.42857142857142855,0.03571428571428571
Fortaleza,MONDUBIM,3,1.6666666666666667,0.7142857142857143,0.05952380952380953
Fortaleza,MONDUBIM,4,2.5,1.0714285714285714,0.08928571428571429
Fortaleza,MONDUBIM,5,2.3333333333333335,1.0,0.08333333333333334
Fortaleza,MONDUBIM,6,3.5,1.5,0.125
Fortaleza,MONDUBIM,7,1.0,0.42857142857142855,0.03571428571428571
Fortaleza,MONDUBIM,8,3.3333333333333335,1.4285714285714286,0.11904761904761905
Fortaleza,MONDUBIM,9,2.0,0.8571428571428571,0.07142857142857142
Fortaleza,MONDUBIM,10,3.0,1.2857142857142856,0.10714285714285714
Fortaleza,MONDUBIM,11,2.5,1.0714285714285714,0.08928571428571429
Fortaleza,MONDUBIM,12,3.5,1.5,0.125
Fortaleza,MONTE CASTELO,5,1.0,1.0,0.5
Fortaleza,MONTE CASTELO,12,1.0,1.0,0.5
Fortaleza,MONTESE,1,1.0,0.7777777777777777,0.1111111111111111
Fortaleza,MONTESE,4,2.0,1.5555555555555554,0.2222222222222222
Fortaleza,MONTESE,5,1.0,0.7777777777777777,0.1111111111111111
Fortaleza,MONTESE,6,1.0,0.7777777777777777,0.1111111111111111
Fortaleza,MONTESE,8,1.0,0.7777777777777777,0.1111111111111111
Fortaleza,MONTESE,10,2.0,1.5555555555555554,0.2222222222222222
Fortaleza,MONTESE,11,1.0,0.7777777777777777,0.1111111111111111
Fortaleza,MOURA BRASIL,1,1.5,1.3846153846153848,0.23076923076923078
Fortaleza,MOURA BRASIL,2,1.0,0.9230769230769231,0.15384615384615385
Fortaleza,MOURA BRASIL,7,1.0,0.9230769230769231,0.15384615384615385
Fortaleza,MOURA BRASIL,8,1.0,0.9230769230769231,0.15384615384615385
Fortaleza,MOURA BRASIL,9,1.0,0.9230769230769231,0.15384615384615385
Fortaleza,MOURA BRASIL,11,1.0,0.9230769230769231,0.15384615384615385
Fortaleza,MUCURIPE,2,1.0,0.8333333333333334,0.16666666666666666
Fortaleza,MUCURIPE,6,1.0,0.8333333333333334,0.16666666666666666
Fortaleza,MUCURIPE,8,2.0,1.6666666666666667,0.3333333333333333
Fortaleza,MUCURIPE,10,1.0,0.8333333333333334,0.16666666666666666
Fortaleza,MUCURIPE,12,1.0,0.8333333333333334,0.16666666666666666
Fortaleza,NOVO MONDUBIM,2,1.0,0.8181818181818181,0.09090909090909091
Fortaleza,NOVO MONDUBIM,3,1.0,0.8181818181818181,0.09090909090909091
Fortaleza,NOVO MONDUBIM,5,1.0,0.8181818181818181,0.09090909090909091
Fortaleza,NOVO MONDUBIM,6,1.0,0.8181818181818181,0.09090909090909091
Fortaleza,NOVO MONDUBIM,8,1.0,0.8181818181818181,0.09090909090909091
Fortaleza,NOVO MONDUBIM,9,1.0,0.8181818181818181,0.09090909090909091
Fortaleza,NOVO MONDUBIM,10,1.0,0.8181818181818181,0.09090909090909091
Fortaleza,NOVO MONDUBIM,11,2.0,1.6363636363636362,0.18181818181818182
Fortaleza,NOVO MONDUBIM,12,2.0,1.6363636363636362,0.18181818181818182
Fortaleza,OLAVO OLIVEIRA,1,1.5,1.0588235294117647,0.17647058823529413
Fortaleza,OLAVO OLIVEIRA,2,3.0,2.1176470588235294,0.35294117647058826
Fortaleza,OLAVO OLIVEIRA,6,1.0,0.7058823529411764,0.11764705882352941
Fortaleza,OLAVO OLIVEIRA,8,1.0,0.7058823529411764,0.11764705882352941
Fortaleza,OLAVO OLIVEIRA,9,1.0,0.7058823529411764,0.11764705882352941
Fortaleza,OLAVO OLIVEIRA,11,1.0,0.7058823529411764,0.11764705882352941
Fortaleza,PADRE ANDRADE,1,1.5,1.1538461538461537,0.11538461538461539
Fortaleza,PADRE ANDRADE,2,1.0,0.7692307692307692,0.07692307692307693
Fortaleza,PADRE ANDRADE,3,1.0,0.7692307692307692,0.07692307692307693
Fortaleza,PADRE ANDRADE,4,1.0,0.7692307692307692,0.07692307692307693
Fortaleza,PADRE ANDRADE,5,1.0,0.7692307692307692,0.07692307692307693
Fortaleza,PADRE ANDRADE,7,1.0,0.7692307692307692,0.07692307692307693
Fortaleza,PADRE ANDRADE,8,1.0,0.7692307692307692,0.07692307692307693
Fortaleza,PADRE ANDRADE,9,3.0,2.3076923076923075,0.23076923076923078
Fortaleza,PADRE ANDRADE,11,1.0,0.7692307692307692,0.07692307692307693
Fortaleza,PADRE ANDRADE,12,1.5,1.1538461538461537,0.11538461538461539
Fortaleza,PANAMERICANO,1,1.0,1.0,0.3333333333333333
Fortaleza,PANAMERICANO,6,1.0,1.0,0.3333333333333333
Fortaleza,PANAMERICANO,10,1.0,1.0,0.3333333333333333
Fortaleza,PAPICU,1,1.0,0.5116279069767442,0.046511627906976744
Fortaleza,PAPICU,2,1.0,0.5116279069767442,0.046511627906976744
Fortaleza,PAPICU,3,2.0,1.0232558139534884,0.09302325581395349
Fortaleza,PAPICU,4,2.0,1.0232558139534884,0.09302325581395349
Fortaleza,PAPICU,5,1.0,0.5116279069767442,0.046511627906976744
Fortaleza,PAPICU,6,1.0,0.5116279069767442,0.046511627906976744
Fortaleza,PAPICU,7,1.0,0.5116279069767442,0.046511627906976744
Fortaleza,PAPICU,8,7.0,3.5813953488372094,0.32558139534883723
Fortaleza,PAPICU,9,1.0,0.5116279069767442,0.046511627906976744
Fortaleza,PAPICU,11,3.5,1.7906976744186047,0.16279069767441862
Fortaleza,PAPICU,12,1.0,0.5116279069767442,0.046511627906976744
Fortaleza,PARANGABA,1,1.0,0.9411764705882353,0.11764705882352941
Fortaleza,PARANGABA,3,1.0,0.9411764705882353,0.11764705882352941
Fortaleza,PARANGABA,4,1.0,0.9411764705882353,0.11764705882352941
Fortaleza,PARANGABA,5,1.5,1.411764705882353,0.17647058823529413
Fortaleza,PARANGABA,7,1.0,0.9411764705882353,0.11764705882352941
Fortaleza,PARANGABA,8,1.0,0.9411764705882353,0.11764705882352941
Fortaleza,PARANGABA,9,1.0,0.9411764705882353,0.11764705882352941
Fortaleza,PARANGABA,12,1.0,0.9411764705882353,0.11764705882352941
Fortaleza,PARQUE ARAXÁ,6,1.0,1.0,0.5
Fortaleza,PARQUE ARAXÁ,11,1.0,1.0,0.5
Fortaleza,PARQUE DOIS IRMĂOS,1,1.25,0.9217877094972068,0.08379888268156425
Fortaleza,PARQUE DOIS IRMĂOS,2,2.0,1.4748603351955307,0.1340782122905028
Fortaleza,PARQUE DOIS IRMĂOS,3,1.3333333333333333,0.9832402234636871,0.0893854748603352
Fortaleza,PARQUE DOIS IRMĂOS,4,1.0,0.7374301675977654,0.0670391061452514
Fortaleza,PARQUE DOIS IRMĂOS,6,1.6666666666666667,1.229050279329609,0.111731843575419
Fortaleza,PARQUE DOIS IRMĂOS,7,1.3333333333333333,0.9832402234636871,0.0893854748603352
Fortaleza,PARQUE DOIS IRMĂOS,8,1.0,0.7374301675977654,0.0670391061452514
Fortaleza,PARQUE DOIS IRMĂOS,9,1.0,0.7374301675977654,0.0670391061452514
Fortaleza,PARQUE DOIS IRMĂOS,10,1.0,0.7374301675977654,0.0670391061452514
Fortaleza,PARQUE DOIS IRMĂOS,11,1.3333333333333333,0.9832402234636871,0.0893854748603352
Fortaleza,PARQUE DOIS IRMĂOS,12,2.0,1.4748603351955307,0.1340782122905028
Fortaleza,PARQUE IRACEMA,2,1.0,0.7777777777777777,0.1111111111111111
Fortaleza,PARQUE IRACEMA,4,3.0,2.333333333333333,0.3333333333333333
Fortaleza,PARQUE IRACEMA,5,1.0,0.7777777777777777,0.1111111111111111
Fortaleza,PARQUE IRACEMA,8,1.0,0.7777777777777777,0.1111111111111111
Fortaleza,PARQUE IRACEMA,9,1.0,0.7777777777777777,0.1111111111111111
Fortaleza,PARQUE IRACEMA,10,1.0,0.7777777777777777,0.1111111111111111
Fortaleza,PARQUE IRACEMA,12,1.0,0.7777777777777777,0.1111111111111111
Fortaleza,PARQUE MANIBURA,4,1.0,1.0,0.16666666666666666
Fortaleza,PARQUE MANIBURA,5,1.0,1.0,0.16666666666666666
Fortaleza,PARQUE MANIBURA,6,1.0,1.0,0.16666666666666666
Fortaleza,PARQUE MANIBURA,8,1.0,1.0,0.16666666666666666
Fortaleza,PARQUE MANIBURA,9,1.0,1.0,0.16666666666666666
Fortaleza,PARQUE MANIBURA,11,1.0,1.0,0.16666666666666666
Fortaleza,PARQUE PRESIDENTE VARGAS,1,1.0,0.875,0.125
Fortaleza,PARQUE PRESIDENTE VARGAS,2,1.0,0.875,0.125
Fortaleza,PARQUE PRESIDENTE VARGAS,4,1.0,0.875,0.125
Fortaleza,PARQUE PRESIDENTE VARGAS,7,1.0,0.875,0.125
Fortaleza,PARQUE PRESIDENTE VARGAS,8,2.0,1.75,0.25
Fortaleza,PARQUE PRESIDENTE VARGAS,9,1.0,0.875,0.125
Fortaleza,PARQUE PRESIDENTE VARGAS,12,1.0,0.875,0.125
Fortaleza,PARQUE SANTA MARIA,1,1.5,1.0140845070422537,0.12676056338028172
Fortaleza,PARQUE SANTA MARIA,2,1.0,0.6760563380281691,0.08450704225352114
Fortaleza,PARQUE SANTA MARIA,4,4.0,2.7042253521126765,0.33802816901408456
Fortaleza,PARQUE SANTA MARIA,7,1.0,0.6760563380281691,0.08450704225352114
Fortaleza,PARQUE SANTA MARIA,8,1.0,0.6760563380281691,0.08450704225352114
Fortaleza,PARQUE SANTA MARIA,9,1.3333333333333333,0.9014084507042254,0.11267605633802817
Fortaleza,PARQUE SANTA MARIA,11,1.0,0.6760563380281691,0.08450704225352114
Fortaleza,PARQUE SANTA MARIA,12,1.0,0.6760563380281691,0.08450704225352114
Fortaleza,PARQUE SANTA ROSA,2,1.0,0.875,0.125
Fortaleza,PARQUE SANTA ROSA,4,1.0,0.875,0.125
Fortaleza,PARQUE SANTA ROSA,5,1.0,0.875,0.125
Fortaleza,PARQUE SANTA ROSA,6,1.0,0.875,0.125
Fortaleza,PARQUE SANTA ROSA,10,2.0,1.75,0.25
Fortaleza,PARQUE SANTA ROSA,11,1.0,0.875,0.125
Fortaleza,PARQUE SANTA ROSA,12,1.0,0.875,0.125
Fortaleza,PARQUE SĂO JOSÉ,1,1.0,0.782608695652174,0.06521739130434782
Fortaleza,PARQUE SĂO JOSÉ,2,1.3333333333333333,1.0434782608695652,0.08695652173913043
Fortaleza,PARQUE SĂO JOSÉ,3,1.0,0.782608695652174,0.06521739130434782
Fortaleza,PARQUE SĂO JOSÉ,4,1.0,0.782608695652174,0.06521739130434782
Fortaleza,PARQUE SĂO JOSÉ,5,3.0,2.347826086956522,0.1956521739130435
Fortaleza,PARQUE SĂO JOSÉ,6,1.0,0.782608695652174,0.06521739130434782
Fortaleza,PARQUE SĂO JOSÉ,7,1.0,0.782608695652174,0.06521739130434782
Fortaleza,PARQUE SĂO JOSÉ,8,1.0,0.782608695652174,0.06521739130434782
Fortaleza,PARQUE SĂO JOSÉ,9,1.0,0.782608695652174,0.06521739130434782
Fortaleza,PARQUE SĂO JOSÉ,10,1.0,0.782608695652174,0.06521739130434782
Fortaleza,PARQUE SĂO JOSÉ,11,2.0,1.565217391304348,0.13043478260869565
Fortaleza,PARQUE SĂO JOSÉ,12,1.0,0.782608695652174,0.06521739130434782
Fortaleza,PARQUELÂNDIA,5,1.0,1.0,0.25
Fortaleza,PARQUELÂNDIA,8,1.0,1.0,0.25
Fortaleza,PARQUELÂNDIA,11,1.0,1.0,0.25
Fortaleza,PARQUELÂNDIA,12,1.0,1.0,0.25
Fortaleza,PARREÃO,1,1.0,1.0,0.25
Fortaleza,PARREÃO,2,1.0,1.0,0.25
Fortaleza,PARREÃO,5,1.0,1.0,0.25
Fortaleza,PARREÃO,6,1.0,1.0,0.25
Fortaleza,PASSARÉ,1,2.0,1.051094890510949,0.08759124087591241
Fortaleza,PASSARÉ,2,1.25,0.6569343065693432,0.05474452554744526
Fortaleza,PASSARÉ,3,3.0,1.5766423357664234,0.13138686131386862
Fortaleza,PASSARÉ,4,2.0,1.051094890510949,0.08759124087591241
Fortaleza,PASSARÉ,5,2.0,1.051094890510949,0.08759124087591241
Fortaleza,PASSARÉ,6,2.5,1.3138686131386863,0.10948905109489052
Fortaleza,PASSARÉ,7,3.5,1.8394160583941608,0.15328467153284672
Fortaleza,PASSARÉ,8,2.0,1.051094890510949,0.08759124087591241
Fortaleza,PASSARÉ,9,1.0,0.5255474452554745,0.043795620437956206
Fortaleza,PASSARÉ,10,1.25,0.6569343065693432,0.05474452554744526
Fortaleza,PASSARÉ,11,1.3333333333333333,0.7007299270072993,0.058394160583941604
Fortaleza,PASSARÉ,12,1.0,0.5255474452554745,0.043795620437956206
Fortaleza,PAUPINA,1,1.25,0.7819905213270142,0.07109004739336491
Fortaleza,PAUPINA,2,1.0,0.6255924170616113,0.056872037914691934
Fortaleza,PAUPINA,3,3.0,1.876777251184834,0.17061611374407581
Fortaleza,PAUPINA,5,1.0,0.6255924170616113,0.056872037914691934
Fortaleza,PAUPINA,6,1.6666666666666667,1.0426540284360188,0.0947867298578199
Fortaleza,PAUPINA,7,2.5,1.5639810426540284,0.14218009478672983
Fortaleza,PAUPINA,8,1.6666666666666667,1.0426540284360188,0.0947867298578199
Fortaleza,PAUPINA,9,2.0,1.2511848341232226,0.11374407582938387
Fortaleza,PAUPINA,10,1.0,0.6255924170616113,0.056872037914691934
Fortaleza,PAUPINA,11,1.5,0.938388625592417,0.08530805687203791
Fortaleza,PAUPINA,12,1.0,0.6255924170616113,0.056872037914691934
Fortaleza,PEDRAS,1,2.0,1.3333333333333333,0.12121212121212122
Fortaleza,PEDRAS,2,1.6666666666666667,1.1111111111111112,0.10101010101010101
Fortaleza,PEDRAS,3,2.0,1.3333333333333333,0.12121212121212122
Fortaleza,PEDRAS,4,1.0,0.6666666666666666,0.06060606060606061
Fortaleza,PEDRAS,5,1.5,1.0,0.09090909090909091
Fortaleza,PEDRAS,6,2.0,1.3333333333333333,0.12121212121212122
Fortaleza,PEDRAS,7,1.3333333333333333,0.8888888888888888,0.0808080808080808
Fortaleza,PEDRAS,8,2.0,1.3333333333333333,0.12121212121212122
Fortaleza,PEDRAS,9,1.0,0.6666666666666666,0.06060606060606061
Fortaleza,PEDRAS,11,1.0,0.6666666666666666,0.06060606060606061
Fortaleza,PEDRAS,12,1.0,0.6666666666666666,0.06060606060606061
Fortaleza,PICI,1,1.6666666666666667,0.9756097560975611,0.08130081300813008
Fortaleza,PICI,2,2.0,1.1707317073170733,0.0975609756097561
Fortaleza,PICI,3,1.0,0.5853658536585367,0.04878048780487805
Fortaleza,PICI,4,2.5,1.4634146341463414,0.12195121951219512
Fortaleza,PICI,5,2.0,1.1707317073170733,0.0975609756097561
Fortaleza,PICI,6,1.5,0.8780487804878049,0.07317073170731707
Fortaleza,PICI,7,1.0,0.5853658536585367,0.04878048780487805
Fortaleza,PICI,8,1.3333333333333333,0.7804878048780488,0.06504065040650406
Fortaleza,PICI,9,2.0,1.1707317073170733,0.0975609756097561
Fortaleza,PICI,10,1.5,0.8780487804878049,0.07317073170731707
Fortaleza,PICI,11,2.75,1.6097560975609757,0.13414634146341464
Fortaleza,PICI,12,1.25,0.7317073170731707,0.06097560975609756
Fortaleza,PIRAMBU,1,1.6666666666666667,1.1320754716981132,0.09433962264150943
Fortaleza,PIRAMBU,2,1.5,1.0188679245283019,0.08490566037735849
Fortaleza,PIRAMBU,3,2.0,1.3584905660377358,0.11320754716981131
Fortaleza,PIRAMBU,4,1.0,0.6792452830188679,0.056603773584905655
Fortaleza,PIRAMBU,5,2.0,1.3584905660377358,0.11320754716981131
Fortaleza,PIRAMBU,6,1.0,0.6792452830188679,0.056603773584905655
Fortaleza,PIRAMBU,7,2.0,1.3584905660377358,0.11320754716981131
Fortaleza,PIRAMBU,8,1.0,0.6792452830188679,0.056603773584905655
Fortaleza,PIRAMBU,9,1.5,1.0188679245283019,0.08490566037735849
Fortaleza,PIRAMBU,10,2.0,1.3584905660377358,0.11320754716981131
Fortaleza,PIRAMBU,11,1.0,0.6792452830188679,0.056603773584905655
Fortaleza,PIRAMBU,12,1.0,0.6792452830188679,0.056603773584905655
Fortaleza,PLANALTO AYRTON SENNA,1,3.0,1.1933701657458562,0.09944751381215468
Fortaleza,PLANALTO AYRTON SENNA,2,3.3333333333333335,1.3259668508287292,0.11049723756906076
Fortaleza,PLANALTO AYRTON SENNA,3,1.0,0.3977900552486187,0.033149171270718224
Fortaleza,PLANALTO AYRTON SENNA,4,2.3333333333333335,0.9281767955801105,0.07734806629834254
Fortaleza,PLANALTO AYRTON SENNA,5,4.0,1.5911602209944748,0.1325966850828729
Fortaleza,PLANALTO AYRTON SENNA,6,2.5,0.9944751381215468,0.08287292817679556
Fortaleza,PLANALTO AYRTON SENNA,7,2.0,0.7955801104972374,0.06629834254143645
Fortaleza,PLANALTO AYRTON SENNA,8,2.0,0.7955801104972374,0.06629834254143645
Fortaleza,PLANALTO AYRTON SENNA,9,3.6666666666666665,1.4585635359116018,0.12154696132596683
Fortaleza,PLANALTO AYRTON SENNA,10,2.0,0.7955801104972374,0.06629834254143645
Fortaleza,PLANALTO AYRTON SENNA,11,1.6666666666666667,0.6629834254143646,0.05524861878453038
Fortaleza,PLANALTO AYRTON SENNA,12,2.6666666666666665,1.0607734806629832,0.0883977900552486
Fortaleza,PRAIA DE IRACEMA,1,1.0,1.0,0.16666666666666666
Fortaleza,PRAIA DE IRACEMA,2,1.0,1.0,0.16666666666666666
Fortaleza,PRAIA DE IRACEMA,3,1.0,1.0,0.16666666666666666
Fortaleza,PRAIA DE IRACEMA,6,1.0,1.0,0.16666666666666666
Fortaleza,PRAIA DE IRACEMA,11,1.0,1.0,0.16666666666666666
Fortaleza,PRAIA DE IRACEMA,12,1.0,1.0,0.16666666666666666
Fortaleza,PRAIA DO FUTURO I,1,3.0,2.1,0.3
Fortaleza,PRAIA DO FUTURO I,2,1.0,0.7,0.1
Fortaleza,PRAIA DO FUTURO I,3,1.0,0.7,0.1
Fortaleza,PRAIA DO FUTURO I,4,2.0,1.4,0.2
Fortaleza,PRAIA DO FUTURO I,5,1.0,0.7,0.1
Fortaleza,PRAIA DO FUTURO I,8,1.0,0.7,0.1
Fortaleza,PRAIA DO FUTURO I,9,1.0,0.7,0.1
Fortaleza,PRAIA DO FUTURO II,1,1.6666666666666667,0.9022556390977443,0.07518796992481203
Fortaleza,PRAIA DO FUTURO II,2,1.5,0.8120300751879699,0.06766917293233082
Fortaleza,PRAIA DO FUTURO II,3,2.5,1.3533834586466165,0.11278195488721804
Fortaleza,PRAIA DO FUTURO II,4,1.5,0.8120300751879699,0.06766917293233082
Fortaleza,PRAIA DO FUTURO II,5,2.0,1.0827067669172932,0.09022556390977443
Fortaleza,PRAIA DO FUTURO II,6,1.0,0.5413533834586466,0.045112781954887216
Fortaleza,PRAIA DO FUTURO II,7,2.0,1.0827067669172932,0.09022556390977443
Fortaleza,PRAIA DO FUTURO II,8,2.0,1.0827067669172932,0.09022556390977443
Fortaleza,PRAIA DO FUTURO II,9,2.0,1.0827067669172932,0.09022556390977443
Fortaleza,PRAIA DO FUTURO II,10,3.0,1.6240601503759398,0.13533834586466165
Fortaleza,PRAIA DO FUTURO II,11,2.0,1.0827067669172932,0.09022556390977443
Fortaleza,PRAIA DO FUTURO II,12,1.0,0.5413533834586466,0.045112781954887216
Fortaleza,PRECABURA,4,1.0,0.8,0.2
Fortaleza,PRECABURA,5,1.0,0.8,0.2
Fortaleza,PRECABURA,7,2.0,1.6,0.4
Fortaleza,PRECABURA,11,1.0,0.8,0.2
Fortaleza,PREFEITO JOSÉ WALTER,1,1.5,0.6101694915254237,0.05084745762711865
Fortaleza,PREFEITO JOSÉ WALTER,2,2.75,1.11864406779661,0.09322033898305085
Fortaleza,PREFEITO JOSÉ WALTER,3,2.5,1.0169491525423728,0.0847457627118644
Fortaleza,PREFEITO JOSÉ WALTER,4,2.0,0.8135593220338982,0.06779661016949153
Fortaleza,PREFEITO JOSÉ WALTER,5,1.6666666666666667,0.6779661016949152,0.05649717514124294
Fortaleza,PREFEITO JOSÉ WALTER,6,2.3333333333333335,0.9491525423728814,0.07909604519774012
Fortaleza,PREFEITO JOSÉ WALTER,7,3.0,1.2203389830508473,0.1016949152542373
Fortaleza,PREFEITO JOSÉ WALTER,8,2.5,1.0169491525423728,0.0847457627118644
Fortaleza,PREFEITO JOSÉ WALTER,9,2.0,0.8135593220338982,0.06779661016949153
Fortaleza,PREFEITO JOSÉ WALTER,10,2.0,0.8135593220338982,0.06779661016949153
Fortaleza,PREFEITO JOSÉ WALTER,11,4.0,1.6271186440677965,0.13559322033898305
Fortaleza,PREFEITO JOSÉ WALTER,12,3.25,1.3220338983050848,0.11016949152542373
Fortaleza,PRESIDENTE KENNEDY,1,1.0,0.8059701492537312,0.08955223880597014
Fortaleza,PRESIDENTE KENNEDY,2,1.5,1.2089552238805967,0.13432835820895522
Fortaleza,PRESIDENTE KENNEDY,3,1.0,0.8059701492537312,0.08955223880597014
Fortaleza,PRESIDENTE KENNEDY,5,1.6666666666666667,1.3432835820895521,0.14925373134328357
Fortaleza,PRESIDENTE KENNEDY,7,1.0,0.8059701492537312,0.08955223880597014
Fortaleza,PRESIDENTE KENNEDY,8,1.0,0.8059701492537312,0.08955223880597014
Fortaleza,PRESIDENTE KENNEDY,9,2.0,1.6119402985074625,0.1791044776119403
Fortaleza,PRESIDENTE KENNEDY,10,1.0,0.8059701492537312,0.08955223880597014
Fortaleza,PRESIDENTE KENNEDY,12,1.0,0.8059701492537312,0.08955223880597014
Fortaleza,QUINTINO CUNHA,1,1.5,0.8244274809160305,0.06870229007633587
Fortaleza,QUINTINO CUNHA,2,2.3333333333333335,1.282442748091603,0.10687022900763359
Fortaleza,QUINTINO CUNHA,3,1.0,0.5496183206106869,0.045801526717557245
Fortaleza,QUINTINO CUNHA,4,1.0,0.5496183206106869,0.045801526717557245
Fortaleza,QUINTINO CUNHA,5,2.3333333333333335,1.282442748091603,0.10687022900763359
Fortaleza,QUINTINO CUNHA,6,1.5,0.8244274809160305,0.06870229007633587
Fortaleza,QUINTINO CUNHA,7,2.3333333333333335,1.282442748091603,0.10687022900763359
Fortaleza,QUINTINO CUNHA,8,1.6666666666666667,0.916030534351145,0.07633587786259541
Fortaleza,QUINTINO CUNHA,9,1.6666666666666667,0.916030534351145,0.07633587786259541
Fortaleza,QUINTINO CUNHA,10,2.5,1.3740458015267174,0.11450381679389311
Fortaleza,QUINTINO CUNHA,11,2.0,1.0992366412213739,0.09160305343511449
Fortaleza,QUINTINO CUNHA,12,2.0,1.0992366412213739,0.09160305343511449
Fortaleza,RACHEL DE QUEIROZ,2,1.0,0.7142857142857143,0.14285714285714285
Fortaleza,RACHEL DE QUEIROZ,3,2.0,1.4285714285714286,0.2857142857142857
Fortaleza,RACHEL DE QUEIROZ,6,1.0,0.7142857142857143,0.14285714285714285
Fortaleza,RACHEL DE QUEIROZ,8,1.0,0.7142857142857143,0.14285714285714285
Fortaleza,RACHEL DE QUEIROZ,9,2.0,1.4285714285714286,0.2857142857142857
Fortaleza,RODOLFO TEÓFILO,3,1.0,1.0,0.2
Fortaleza,RODOLFO TEÓFILO,4,1.0,1.0,0.2
Fortaleza,RODOLFO TEÓFILO,6,1.0,1.0,0.2
Fortaleza,RODOLFO TEÓFILO,9,1.0,1.0,0.2
Fortaleza,RODOLFO TEÓFILO,10,1.0,1.0,0.2
Fortaleza,SABIAGUABA,3,1.0,0.9230769230769231,0.15384615384615385
Fortaleza,SABIAGUABA,4,1.0,0.9230769230769231,0.15384615384615385
Fortaleza,SABIAGUABA,8,1.0,0.9230769230769231,0.15384615384615385
Fortaleza,SABIAGUABA,9,1.0,0.9230769230769231,0.15384615384615385
Fortaleza,SABIAGUABA,10,1.0,0.9230769230769231,0.15384615384615385
Fortaleza,SABIAGUABA,12,1.5,1.3846153846153848,0.23076923076923078
Fortaleza,SALINAS,2,1.0,0.6666666666666666,0.3333333333333333
Fortaleza,SALINAS,3,2.0,1.3333333333333333,0.6666666666666666
Fortaleza,SAPIRANGA / COITÉ,1,1.0,0.6990291262135924,0.05825242718446603
Fortaleza,SAPIRANGA / COITÉ,2,1.5,1.0485436893203886,0.08737864077669905
Fortaleza,SAPIRANGA / COITÉ,3,1.3333333333333333,0.9320388349514563,0.07766990291262137
Fortaleza,SAPIRANGA / COITÉ,4,1.0,0.6990291262135924,0.05825242718446603
Fortaleza,SAPIRANGA / COITÉ,5,1.3333333333333333,0.9320388349514563,0.07766990291262137
Fortaleza,SAPIRANGA / COITÉ,6,2.0,1.3980582524271847,0.11650485436893206
Fortaleza,SAPIRANGA / COITÉ,7,2.0,1.3980582524271847,0.11650485436893206
Fortaleza,SAPIRANGA / COITÉ,8,1.0,0.6990291262135924,0.05825242718446603
Fortaleza,SAPIRANGA / COITÉ,9,1.0,0.6990291262135924,0.05825242718446603
Fortaleza,SAPIRANGA / COITÉ,10,1.5,1.0485436893203886,0.08737864077669905
Fortaleza,SAPIRANGA / COITÉ,11,2.0,1.3980582524271847,0.11650485436893206
Fortaleza,SAPIRANGA / COITÉ,12,1.5,1.0485436893203886,0.08737864077669905
Fortaleza,SERRINHA,1,1.0,0.8461538461538461,0.07692307692307693
Fortaleza,SERRINHA,2,1.0,0.8461538461538461,0.07692307692307693
Fortaleza,SERRINHA,3,1.0,0.8461538461538461,0.07692307692307693
Fortaleza,SERRINHA,4,1.0,0.8461538461538461,0.07692307692307693
Fortaleza,SERRINHA,5,1.0,0.8461538461538461,0.07692307692307693
Fortaleza,SERRINHA,6,1.0,0.8461538461538461,0.07692307692307693
Fortaleza,SERRINHA,7,1.0,0.8461538461538461,0.07692307692307693
Fortaleza,SERRINHA,8,1.0,0.8461538461538461,0.07692307692307693
Fortaleza,SERRINHA,9,1.0,0.8461538461538461,0.07692307692307693
Fortaleza,SERRINHA,10,3.0,2.5384615384615383,0.23076923076923078
Fortaleza,SERRINHA,12,1.0,0.8461538461538461,0.07692307692307693
Fortaleza,SIQUEIRA,1,1.0,0.4907063197026022,0.04460966542750929
Fortaleza,SIQUEIRA,2,2.0,0.9814126394052044,0.08921933085501858
Fortaleza,SIQUEIRA,3,2.5,1.2267657992565055,0.11152416356877323
Fortaleza,SIQUEIRA,5,2.5,1.2267657992565055,0.11152416356877323
Fortaleza,SIQUEIRA,6,1.3333333333333333,0.6542750929368029,0.059479553903345715
Fortaleza,SIQUEIRA,7,2.0,0.9814126394052044,0.08921933085501858
Fortaleza,SIQUEIRA,8,2.0,0.9814126394052044,0.08921933085501858
Fortaleza,SIQUEIRA,9,2.6666666666666665,1.3085501858736057,0.11895910780669143
Fortaleza,SIQUEIRA,10,2.25,1.104089219330855,0.1003717472118959
Fortaleza,SIQUEIRA,11,1.5,0.7360594795539033,0.06691449814126393
Fortaleza,SIQUEIRA,12,2.6666666666666665,1.3085501858736057,0.11895910780669143
Fortaleza,SÃO BENTO,1,1.0,0.8,0.08
Fortaleza,SÃO BENTO,2,1.0,0.8,0.08
Fortaleza,SÃO BENTO,3,1.0,0.8,0.08
Fortaleza,SÃO BENTO,4,1.0,0.8,0.08
Fortaleza,SÃO BENTO,5,1.5,1.2,0.12
Fortaleza,SÃO BENTO,8,1.0,0.8,0.08
Fortaleza,SÃO BENTO,9,3.0,2.4,0.24
Fortaleza,SÃO BENTO,10,1.0,0.8,0.08
Fortaleza,SÃO BENTO,11,1.0,0.8,0.08
Fortaleza,SÃO BENTO,12,1.0,0.8,0.08
Fortaleza,SÃO GERARDO,1,1.0,1.0,0.3333333333333333
Fortaleza,SÃO GERARDO,5,1.0,1.0,0.3333333333333333
Fortaleza,SÃO GERARDO,6,1.0,1.0,0.3333333333333333
Fortaleza,SÃO JOÃO DO TAUAPE,1,2.0,1.6666666666666667,0.16666666666666666
Fortaleza,SÃO JOÃO DO TAUAPE,2,1.0,0.8333333333333334,0.08333333333333333
Fortaleza,SÃO JOÃO DO TAUAPE,3,2.0,1.6666666666666667,0.16666666666666666
Fortaleza,SÃO JOÃO DO TAUAPE,5,1.0,0.8333333333333334,0.08333333333333333
Fortaleza,SÃO JOÃO DO TAUAPE,7,1.0,0.8333333333333334,0.08333333333333333
Fortaleza,SÃO JOÃO DO TAUAPE,8,1.0,0.8333333333333334,0.08333333333333333
Fortaleza,SÃO JOÃO DO TAUAPE,9,1.0,0.8333333333333334,0.08333333333333333
Fortaleza,SÃO JOÃO DO TAUAPE,10,1.0,0.8333333333333334,0.08333333333333333
Fortaleza,SÃO JOÃO DO TAUAPE,11,1.0,0.8333333333333334,0.08333333333333333
Fortaleza,SÃO JOÃO DO TAUAPE,12,1.0,0.8333333333333334,0.08333333333333333
Fortaleza,VARJOTA,3,1.0,1.0,0.16666666666666666
Fortaleza,VARJOTA,4,1.0,1.0,0.16666666666666666
Fortaleza,VARJOTA,5,1.0,1.0,0.16666666666666666
Fortaleza,VARJOTA,6,1.0,1.0,0.16666666666666666
Fortaleza,VARJOTA,8,1.0,1.0,0.16666666666666666
Fortaleza,VARJOTA,9,1.0,1.0,0.16666666666666666
Fortaleza,VICENTE PINZÓN,2,1.0,0.3646408839779005,0.03314917127071823
Fortaleza,VICENTE PINZÓN,3,3.0,1.0939226519337015,0.09944751381215469
Fortaleza,VICENTE PINZÓN,4,2.0,0.729281767955801,0.06629834254143646
Fortaleza,VICENTE PINZÓN,5,2.0,0.729281767955801,0.06629834254143646
Fortaleza,VICENTE PINZÓN,6,2.0,0.729281767955801,0.06629834254143646
Fortaleza,VICENTE PINZÓN,7,10.0,3.646408839779005,0.3314917127071823
Fortaleza,VICENTE PINZÓN,8,2.0,0.729281767955801,0.06629834254143646
Fortaleza,VICENTE PINZÓN,9,1.6666666666666667,0.6077348066298343,0.055248618784530384
Fortaleza,VICENTE PINZÓN,10,3.5,1.276243093922652,0.11602209944751381
Fortaleza,VICENTE PINZÓN,11,1.0,0.3646408839779005,0.03314917127071823
Fortaleza,VICENTE PINZÓN,12,2.0,0.729281767955801,0.06629834254143646
Fortaleza,VILA PERI,1,1.0,0.8834355828220859,0.0736196319018405
Fortaleza,VILA PERI,2,1.25,1.1042944785276074,0.09202453987730062
Fortaleza,VILA PERI,3,1.5,1.325153374233129,0.11042944785276075
Fortaleza,VILA PERI,4,1.5,1.325153374233129,0.11042944785276075
Fortaleza,VILA PERI,5,1.0,0.8834355828220859,0.0736196319018405
Fortaleza,VILA PERI,6,1.0,0.8834355828220859,0.0736196319018405
Fortaleza,VILA PERI,7,1.3333333333333333,1.1779141104294477,0.09815950920245399
Fortaleza,VILA PERI,8,1.0,0.8834355828220859,0.0736196319018405
Fortaleza,VILA PERI,9,1.0,0.8834355828220859,0.0736196319018405
Fortaleza,VILA PERI,10,1.0,0.8834355828220859,0.0736196319018405
Fortaleza,VILA PERI,11,1.0,0.8834355828220859,0.0736196319018405
Fortaleza,VILA PERI,12,1.0,0.8834355828220859,0.0736196319018405
Fortaleza,VILA UNIĂO,2,1.0,1.0,0.16666666666666666
Fortaleza,VILA UNIĂO,5,1.0,1.0,0.16666666666666666
Fortaleza,VILA UNIĂO,7,1.0,1.0,0.16666666666666666
Fortaleza,VILA UNIĂO,9,1.0,1.0,0.16666666666666666
Fortaleza,VILA UNIĂO,10,1.0,1.0,0.16666666666666666
Fortaleza,VILA UNIĂO,11,1.0,1.0,0.16666666666666666
Fortaleza,VILA VELHA,1,1.0,0.6666666666666666,0.05555555555555555
Fortaleza,VILA VELHA,2,2.0,1.3333333333333333,0.1111111111111111
Fortaleza,VILA VELHA,3,1.0,0.6666666666666666,0.05555555555555555
Fortaleza,VILA VELHA,4,2.0,1.3333333333333333,0.1111111111111111
Fortaleza,VILA VELHA,5,1.0,0.6666666666666666,0.05555555555555555
Fortaleza,VILA VELHA,6,1.0,0.6666666666666666,0.05555555555555555
Fortaleza,VILA VELHA,7,1.0,0.6666666666666666,0.05555555555555555
Fortaleza,VILA VELHA,8,2.0,1.3333333333333333,0.1111111111111111
Fortaleza,VILA VELHA,9,1.0,0.6666666666666666,0.05555555555555555
Fortaleza,VILA VELHA,10,3.0,2.0,0.16666666666666666
Fortaleza,VILA VELHA,11,1.0,0.6666666666666666,0.05555555555555555
Fortaleza,VILA VELHA,12,2.0,1.3333333333333333,0.1111111111111111
Fortaleza,ÁLVARO WEYNE,1,1.0,0.611111111111111,0.05555555555555555
Fortaleza,ÁLVARO WEYNE,2,1.0,0.611111111111111,0.05555555555555555
Fortaleza,ÁLVARO WEYNE,3,1.0,0.611111111111111,0.05555555555555555
Fortaleza,ÁLVARO WEYNE,4,1.0,0.611111111111111,0.05555555555555555
Fortaleza,ÁLVARO WEYNE,5,2.0,1.222222222222222,0.1111111111111111
Fortaleza,ÁLVARO WEYNE,7,1.0,0.611111111111111,0.05555555555555555
Fortaleza,ÁLVARO WEYNE,8,1.5,0.9166666666666666,0.08333333333333333
Fortaleza,ÁLVARO WEYNE,9,1.0,0.611111111111111,0.05555555555555555
Fortaleza,ÁLVARO WEYNE,10,2.0,1.222222222222222,0.1111111111111111
Fortaleza,ÁLVARO WEYNE,11,2.5,1.5277777777777777,0.1388888888888889
Fortaleza,ÁLVARO WEYNE,12,4.0,2.444444444444444,0.2222222222222222
